type	path	sha256_or_target	size
directory	.hol	-	0
directory	.hol/locks	-	0
file	.hol/locks/task7kcalibration.exe.lock	e7ba0001d26cf3c3f59cf1a1793a7738b1ffef9953a330231f9430db958a9f5d	4
file	.hol/locks/task7kcalibration.uo.lock	e7ba0001d26cf3c3f59cf1a1793a7738b1ffef9953a330231f9430db958a9f5d	4
directory	.hol/make-deps	-	0
file	.hol/make-deps/task7kcalibration.sml.d	efdd8053e64d783c05c0ff595540c4b90e1faf951fa783cb4868b3b99fbd2a11	544
file	ARTIFACT-REFERENCE.tsv	469a176c9370fe0279e30061d31421f6be098cdde9cd5b9bd07a8a0a36df13ca	538526
file	COLLECTION_FAILURE.md	7b86312cb07ab027a4bb19f44d96651d5fdcaba5a6bb502b7a6e080f6e93c691	2038
file	FINAL_REPORT.md	d21fb9963643704847d144023d07f16a537cfdbe058d33c8f14c2f50134df4e5	876
file	Holmakefile	b0ba00e21bf0aea89eccef68b5edbcd13f44c28cccfe910ed67b7484ed9eb334	467
file	INPUT-MANIFEST.tsv	591470eb25842e5edb4cb6d4c71ee1915cec5d3e3f0173fdd9f43373d7a92a2f	493295
file	PRECOLLECTION.sha256	9d5f0ec49c115b019637d09f25c027655a072841940605f126fae2741a7ed298	140
file	PREDECLARATION.md	26364ed3bc0a95e2d9405ee0bb05daf8752596a6c57586a731265e1e97e95836	4683
file	PROVENANCE.md	82871831d4ff235b93445400c34b8dc98be9c76a722fa2d416c80587b25b3b3c	1027
file	SEALED.txt	0a2a8fc157a10b2cae1db083d26253d02314dd81f0057a612067f789e3c897e7	277
file	SOURCE-HASHES.sha256	70e08852680a0cccde2c0588d58c7550e4063e644d04698695a0b3b01a87ec5b	606
file	SOURCE-HEAD.txt	e21e159b4d05b011a54a240a2831b68bb741684f280a10ee57246931e8c60608	41
file	V10-PROVENANCE.sha256	a73eba894a6399179675cdf17d2ea281582d89c9569188248d65e9d8becc5302	3357
file	collect.sh	138fc911e53e0b2d817935c78e6dae5c7ba0ba4e4f8f5ce817fa41bae65e1003	2253
directory	collection	-	0
directory	collection/child-1	-	0
directory	collection/child-1/audits	-	0
file	collection/child-1/audits/final-artifacts.tsv	469a176c9370fe0279e30061d31421f6be098cdde9cd5b9bd07a8a0a36df13ca	538526
file	collection/child-1/audits/final-endpoint.txt	4de3fd1d1eeb08dd7976b911c02a38dba961cf2c27f9341b2c79ae214af5af25	13
file	collection/child-1/final-status.txt	a58ba7ea736d059e76b29d454e6f2b181a33900dda767235d59ec0d9ab38ddbe	721
file	collection/child-1/finalization-order.txt	03ad30618a52f1f535ed2a1fe167b029cca0bad0728bb66c7865c3445e1d5473	185
directory	collection/child-1/hooks	-	0
file	collection/child-1/outer-signals.json	4fb60ad7e50f3d3e74be335a9587702917d201cd33bc8e170399e8741bb33273	199
directory	collection/child-1/raw	-	0
file	collection/child-1/raw.seal.sha256	5ff8e8cfde552d7713802aa545021217e11021ba1fd4026d710842121eb9ef3b	795
directory	collection/child-1/raw/preflight	-	0
file	collection/child-1/raw/preflight.session-ready	39feceb2eced7e3165a8f7f40852708b835f274d4ff94896baface7efca6a52d	109
file	collection/child-1/raw/preflight.session-ready.go	c2fc355f2b52e01ea670dc8b27f1c8f3a268d68b4b399a0cf91544cb975792df	3
file	collection/child-1/raw/preflight/fixture.endpoints	2eadd75476b6a4eeba05e3eacf1d3a539e6464e756c068236a5e477c1ef8769b	27
file	collection/child-1/raw/preflight/init.go	c2fc355f2b52e01ea670dc8b27f1c8f3a268d68b4b399a0cf91544cb975792df	3
file	collection/child-1/raw/preflight/init.ready	fcce5a7e838ce7dccfb11a0f7ea2b2de5a88214be1c7fe3a7c540e611f597c0a	109
file	collection/child-1/raw/stderr	92b7dd80cafc1fccbc49b54d397c748c5d3b780aa4a3eabe1430a59aa37e98f7	207
file	collection/child-1/raw/stdout	e3b0c44298fc1c149afbf4c8996fb92427ae41e4649b934ca495991b7852b855	0
file	collection/child-1/raw/supervisor.json	70f78f34f5872c26fd0ef8baa2c80cbce4238391940e9ad3bf3f611d5a12c67c	13671
file	collection/child-1/raw/supervisor.ready	ed1a545bb85e55816bbf9566b028b2a0bc456b88f49f6f266c0401048824194b	6
directory	collection/child-1/tmp	-	0
file	collection/driver-status.tsv	b8388c44e448858ae751c59912c120badd77182a983ab50e9665fde279963a9e	4
file	collection/failure-endpoint.txt	4de3fd1d1eeb08dd7976b911c02a38dba961cf2c27f9341b2c79ae214af5af25	13
file	collection/pre-endpoint.txt	4de3fd1d1eeb08dd7976b911c02a38dba961cf2c27f9341b2c79ae214af5af25	13
file	collection/schedule.tsv	b7b14db8228785dbaf296d1293b119961298e69f5769ebf6194de3ca1abfbd2a	270
file	environment.txt	2c5d66baeb16fdf610c75f2f39320f4f1c4d1e75bce13056bed0a76d47367a31	230
file	final-endpoint-audit.py	32b622e7a4a9113a0886358e464799c1a0a85843d018c56f4acf94df9a244b97	728
file	final-process-audit.txt	4de3fd1d1eeb08dd7976b911c02a38dba961cf2c27f9341b2c79ae214af5af25	13
directory	frozen-inputs	-	0
directory	frozen-inputs/.hol	-	0
directory	frozen-inputs/.hol/locks	-	0
file	frozen-inputs/.hol/locks/task7kcalibration.exe.lock	e7ba0001d26cf3c3f59cf1a1793a7738b1ffef9953a330231f9430db958a9f5d	4
file	frozen-inputs/.hol/locks/task7kcalibration.uo.lock	e7ba0001d26cf3c3f59cf1a1793a7738b1ffef9953a330231f9430db958a9f5d	4
directory	frozen-inputs/.hol/make-deps	-	0
file	frozen-inputs/.hol/make-deps/task7kcalibration.sml.d	efdd8053e64d783c05c0ff595540c4b90e1faf951fa783cb4868b3b99fbd2a11	544
directory	frozen-inputs/.hol/objs	-	0
file	frozen-inputs/.hol/objs/task7kcalibration.ui	e3b0c44298fc1c149afbf4c8996fb92427ae41e4649b934ca495991b7852b855	0
file	frozen-inputs/.hol/objs/task7kcalibration.uo	43650289409ba91b3b05047247a55609e7437f4c017f698df4046fbfb50f4d23	535
file	frozen-inputs/Holmakefile	b0ba00e21bf0aea89eccef68b5edbcd13f44c28cccfe910ed67b7484ed9eb334	467
file	frozen-inputs/PREDECLARATION.md	26364ed3bc0a95e2d9405ee0bb05daf8752596a6c57586a731265e1e97e95836	4683
file	frozen-inputs/PROVENANCE.md	82871831d4ff235b93445400c34b8dc98be9c76a722fa2d416c80587b25b3b3c	1027
file	frozen-inputs/collect.sh	138fc911e53e0b2d817935c78e6dae5c7ba0ba4e4f8f5ce817fa41bae65e1003	2253
directory	frozen-inputs/future-protocol	-	0
file	frozen-inputs/future-protocol/BOUNDED_V2.full.patch	fca63fce3e5c572fbafac103523c7fa22af8fc8de15b1ae37e894a07d8bdcf42	6148
file	frozen-inputs/future-protocol/COLLECTOR_V2.full.patch	0d80b99b8a588782a6106ed92ee34a131dfb346e3f863df802218031b38a2b43	9077
file	frozen-inputs/future-protocol/COLLECTOR_V2.patch	9cc8108978b1405484ed40cd91b4df258dd00765c2663fb59a4d717e1c9ac644	722
file	frozen-inputs/future-protocol/README.md	a8aa3eca33a609f6fcb04fea4960045b613a2a337c8b44147b93ed4203acc0bd	9899
file	frozen-inputs/future-protocol/SUPERVISOR_V2.full.patch	d6f971501122857cdf83a58e16706e7982bfd41d3ee83a4a7efd15deff1583ca	8840
file	frozen-inputs/future-protocol/SUPERVISOR_V2.patch	bad11b276162f084e8c33e25417290a7df119a4d9db23a50a3d14e2adc765b20	792
file	frozen-inputs/future-protocol/UNSHARE_V6.json	98bdcb268c69471246c28172b01a2e42addc02286fca239cbf305e3d434a2f9a	340
file	frozen-inputs/future-protocol/UNSHARE_V7.json	eccbf9ca3ef31daaf1d0a4d557462d72fa072b658e2cce65a46937644f1fff14	315
file	frozen-inputs/future-protocol/UNSHARE_V8.json	09fe8824fc8c739f76d4c655a797a4ea8430c82d0ab96eb0db802ca4a7695ce8	340
file	frozen-inputs/future-protocol/V10_PATCH_MAPPING.md	8559efdf03c0ce12b3435d6a6d2c9abd708d5ee686c87f74168af0eeafa20d17	1318
file	frozen-inputs/future-protocol/V4_PATCH_MAPPING.md	919bece402ef6fe946724befc8b44ecbd89223e8100b6ceb59c99e0810bef986	1300
file	frozen-inputs/future-protocol/V5_PATCH_MAPPING.md	554c140d251d850e31d83a0284546e76f055d8656cf1118ff4ab2f26cb40b8d5	1462
file	frozen-inputs/future-protocol/V6_PATCH_MAPPING.md	8ab6d936f501fb0a5446e993ce37468142fa910f9cfa260f8ecfc44f227213bf	1240
file	frozen-inputs/future-protocol/V7_PATCH_MAPPING.md	c4fcbf9fe730743b17d913667dcfabea6ca7a90e11a257f8a61577f41b7a1ca4	1443
file	frozen-inputs/future-protocol/V8_PATCH_MAPPING.md	470f63ae79455cf418feaaed6891e7c1af1f6aea404e6edc2c00363ec83465fa	1556
file	frozen-inputs/future-protocol/V9_PATCH_MAPPING.md	6fe791c033c605c43511b83d554c60a59ea4d2e087e897ac410b9a7cf2eafa39	1351
file	frozen-inputs/future-protocol/audit-artifacts-v3.py	621a13320c1ffea46dac7b22bb85bcf696441f8cfb4f2bc5ad9431d69fe55ff3	4401
file	frozen-inputs/future-protocol/audit-artifacts-v3.sh	b8820640c6a565e2e51081b1cde3276d347f087d20f07beba3b2f1c01d6fe0e5	111
file	frozen-inputs/future-protocol/audit-artifacts-v4.py	7941c0d4f98a6090539e58b8c0403454ffa50eacba2e2cbf55c481966ecd78fd	3806
file	frozen-inputs/future-protocol/audit-artifacts-v4.sh	07d5e16d2d832e34c212eb6a6c8144e1d04ed64a84cf59a1aa84099aaffddc4e	114
file	frozen-inputs/future-protocol/audit-artifacts-v5.py	385f18064a9344f30b06274543dd84fd14531559146ac12baf2f39fe3797f65e	3803
file	frozen-inputs/future-protocol/audit-artifacts-v5.sh	0d64a402738836d83d2d016a63d224e5a694e6e21730c596361260ad25f29cf4	114
file	frozen-inputs/future-protocol/classification_status_v9.py	da845a60c9f1e2c926cb30bbefd6394e57f01ba14a705724cb15e7f221055a19	1441
file	frozen-inputs/future-protocol/collect-v10.py	0534b9b6eb53e43f0ae8d9de5282b07972b9952c1b8ac11b6435ab50253de368	34482
file	frozen-inputs/future-protocol/collect-v2.sh	743625ec8d1ae075f230e18797d617d1743c180d2b0dbfed3b195ee8b4e3017f	3636
file	frozen-inputs/future-protocol/collect-v3.sh	f20f8189b309cbd96b33938e2f324da638759f4adc88c78c3c5821e7f7cb2fd5	3932
file	frozen-inputs/future-protocol/collect-v4.sh	d3e396bb7dc6f4dce00e81ae8fad640681f954e63a6dfdd8d0cb1874cd4343a1	6152
file	frozen-inputs/future-protocol/collect-v5.py	159f7cafe4ba9d57deda5a2c3c19eab1ed0177f820c190b84acadc5a96fd6f09	13570
file	frozen-inputs/future-protocol/collect-v6.py	6f73eeac160cb2c64a6ebae2814f56ba3318ee1b99c42679deab050af26c301b	11370
file	frozen-inputs/future-protocol/collect-v7.py	3468735e54f6b1d11a90cf0ed53d08f3e236caeb1f1e28b547e2d2342566b908	19203
file	frozen-inputs/future-protocol/collect-v8.py	e63884f18f40fa6f358bc6d100715a3e1f589886818be796fe41dcfc0e815b74	26060
file	frozen-inputs/future-protocol/collect-v9.py	d04f752dedcaed55eab1d368455e6185fbe0cbbe72ee81c12d49a90e680d55c1	30416
file	frozen-inputs/future-protocol/collector-signal-driver-v10.py	a3a60855cffbcfbfe39325aac7e5e289c403df7ba7a01e457dc3b30469eb1c14	1080
file	frozen-inputs/future-protocol/collector-signal-driver-v4.py	053d18b7808a432b99355af60fdf94128cc11eacbf0514dd7d72b97fd9eeacab	1343
file	frozen-inputs/future-protocol/collector-signal-driver-v5.py	7bceeffb868b92f5056b54692b83cfd3c8bf9287b3b3cfc2b0cb38a1a466ede3	1784
file	frozen-inputs/future-protocol/collector-signal-driver-v6.py	fd102bab86f3feea3e9997509a59d07045077cebc00a0e6965f269eaf6b91596	1447
file	frozen-inputs/future-protocol/collector-signal-driver-v7.py	ac8714006badbff09a9336698816ab588dc211212c128336cefe67340c1b53b6	1450
file	frozen-inputs/future-protocol/collector-signal-driver-v8.py	40580e0013c059ffbe22676e138b43539cbbffcfd246f26c2afd782d4d918e2e	1078
file	frozen-inputs/future-protocol/collector-signal-driver-v9.py	9cd2388d91aeae5493b9e4d25df5849f7467ebed8877599e0d07a6c4c7b3fa7c	1078
file	frozen-inputs/future-protocol/containment-preflight-v6.py	d8145b85be68e3cc3f1d0d7b75a12b4bce85d52375c64cc8b90c5a176025be91	8003
file	frozen-inputs/future-protocol/containment-preflight-v7.py	9adf4d534a2cb96b8107eb9db3c7a9436a0b0bb4ff3e047a6e279585e2df315b	12618
file	frozen-inputs/future-protocol/containment-preflight-v8.py	16172bc720b70c249a82f3287de2b68712bd6859ac38539131bae86d193c2a82	13411
file	frozen-inputs/future-protocol/launch-gate-v8.py	6834b4acf8c4bc982a6d08a0c453ef787ff8ffcc674c0a96b119893beaebb564	1229
file	frozen-inputs/future-protocol/launch_bootstrap_v8.py	14ed61ec1563c1d47698cf85594cda5c0901eadab29277800302b84364aae3e9	3746
file	frozen-inputs/future-protocol/namespace-init-v6.py	55e0295a4d0b7c3bb64c43d0521b52a0ea3c525830e5361b484379c5c32ed6c8	2359
file	frozen-inputs/future-protocol/namespace-init-v7.py	285f0d31c499b67a1233e4f0dfaee2befc7e7a63672403b56f4ab97ff9458aa7	2310
file	frozen-inputs/future-protocol/namespace-init-v8.py	8a708470db3906b822921754a0ab4dc19397650c43a0a56909fafd91102ce221	2459
file	frozen-inputs/future-protocol/path_validation_v4.py	8b22e8173f0483ca2a07d95b1c229da00fc29963c0e807382b0d40be6bd2f949	3414
file	frozen-inputs/future-protocol/path_validation_v5.py	044d7419c9b1409d42163aa75a7239d465a4ee032ff48ba9bf1aae67f23a521c	3755
file	frozen-inputs/future-protocol/process-tree-fixture-v3.py	567af0e4ca55fc46aa6073dad059235c86609519bb05a938c3856008cb1c5e20	1446
file	frozen-inputs/future-protocol/process-tree-fixture-v4.py	4ed9aadaaed0749fa864f6680cccdb14bc2ae2aa5c7ed6667b6dc93af9e16302	1227
file	frozen-inputs/future-protocol/process-tree-fixture-v5.py	c3de55043e36a02fd24d0433e5a8e84688c499d13606168ff18079457daa9437	2139
file	frozen-inputs/future-protocol/process-tree-fixture-v6.py	ee7ddc3d9cbfe41c7a8d9872a87cff57378ddf9f6c224f0c972b0172a5db8d30	1116
file	frozen-inputs/future-protocol/process-tree-fixture-v7.py	d977c02f04c5724514c050419107284779e5dc0fe3d525d247e1887f5af5bf9e	1107
file	frozen-inputs/future-protocol/strict_integer_v10.py	c83f0d553f0c110df4ae1092b79c02e040a9a2ee2e3395dd174e6ee5343208ac	567
file	frozen-inputs/future-protocol/supervise-v10.py	8ee352cbc937619442bb3745a65239ae7e7df487dbe4802df8bf31f82c46ed90	21837
file	frozen-inputs/future-protocol/supervise-v2.py	83064aca0cc21ff5d0286229eda4d3a237ddad30e8e55c614855b9b8dad93384	7066
file	frozen-inputs/future-protocol/supervise-v3.py	50a86e015a61a2e2375997e743faea7f924ebf7e91fe6a8fe37958cc6930e71e	19588
file	frozen-inputs/future-protocol/supervise-v4.py	7ed037ddfd872d6eb0cd753ad3f539fb43c892cdb010b653ea63e09b14602c58	27064
file	frozen-inputs/future-protocol/supervise-v5.py	d06d228d7e5dae23dbf9e9c8ecd646afc7e8ed914d7c968f541bae9e2bce4637	33063
file	frozen-inputs/future-protocol/supervise-v6.py	bf17c60bd79bbb5126e7e8a073cbb2cc2d56439848d10def91b3548e311e5499	22528
file	frozen-inputs/future-protocol/supervise-v7.py	4bcd27f543ff82f121c464b0f66e859aa8449eeb08967d7c26036866fd96ab7b	26777
file	frozen-inputs/future-protocol/supervise-v8.py	694338faed139c01893ca50e83f9075da383e85f42ddc0d1abc6f40209560ea8	21130
file	frozen-inputs/future-protocol/supervise-v9.py	856ee4a0fbb029ad840330ddd8ca6127c5ad7fa47f520029cdfb195b5b4e9936	20518
file	frozen-inputs/future-protocol/supervisor-signal-driver-v7.py	525f31332b68c530656f6cc6425dd85562c98acb4d90084c08cfaddf0d7f8d8f	964
file	frozen-inputs/future-protocol/supervisor-signal-driver-v8.py	9ba52bf98a4caa6ecf66d14bba12d4ab100d8046c2aebe4aa6d6036112c49f1a	955
file	frozen-inputs/future-protocol/synthetic-artifact-audit-v3.sh	1521d1ac6e6ebbea878b850291698aaefa0dab4d37fc4822874019cdc7d05939	376
file	frozen-inputs/future-protocol/synthetic-artifact-audit-v4.sh	99d462f9f3971d7a6fe2cec8c7014a5e482d658c447ae966f9f3e66c70b199e0	383
file	frozen-inputs/future-protocol/synthetic-artifact-audit-v5.sh	99d462f9f3971d7a6fe2cec8c7014a5e482d658c447ae966f9f3e66c70b199e0	383
file	frozen-inputs/future-protocol/synthetic-artifact-audit.sh	f8d039366dbee3db55521bb100f06327d23e52800440780330afba7ca28a652f	102
file	frozen-inputs/future-protocol/test-bounded-v2.sh	ecb2d3fa4154d587428b468d3587d6fcdf8d903ea72d360ff97b069d3ac7b8ec	3086
file	frozen-inputs/future-protocol/test-collector-v10.sh	cacf076cc1a399e6764731395cf443966bf60eb1d010605e731634611a1e6b6f	13223
file	frozen-inputs/future-protocol/test-collector-v2.sh	c2e80a92b445585c56343459bc4609fd417ba4f30d8be70ba858ed2a48473309	2265
file	frozen-inputs/future-protocol/test-collector-v3.sh	3f371a8f0d18ce8aa87f71feebf591f546b891cd9b592a02181bd79ddd0dcbee	4133
file	frozen-inputs/future-protocol/test-collector-v4.sh	a03da271a6ce8189679f0f09073707b761a6b4805d0a32cad1a83a37d2971b08	6619
file	frozen-inputs/future-protocol/test-collector-v5.sh	c66db5f5012886eb52fd2d9b223eab80d04070d9edd0cc4dad9dcf9fec2e7859	10567
file	frozen-inputs/future-protocol/test-collector-v6.sh	c1ced96fbd4f851bbc9496eb51877b8aa1d1c988e5754b3b5d53cee9d553a309	5584
file	frozen-inputs/future-protocol/test-collector-v7.sh	1d0c70ef363fe028ecf6996ab0fb079db647391963e73c77248a92bcdf3646e6	8798
file	frozen-inputs/future-protocol/test-collector-v8.sh	6f3a5a649d99149c907c51e3cbca59e7d54f9a48959a71157f0b6fcb6e379de8	8111
file	frozen-inputs/future-protocol/test-collector-v9.sh	3eae66e1470f7333ef665636a9ffbbf1ad66b6f5108b0ff45f42f205e61575e7	11123
file	frozen-inputs/future-protocol/test-supervise-v10.sh	b7b0737bd5ceb290b1d97cff061f6ffbb5b8fd92f3fdbae17e578f6a538dde0a	7556
file	frozen-inputs/future-protocol/test-supervise-v2.sh	5b4f7739a87a119a268e589605d5f8fbe127921864b6db18a73270ad14658ebc	3929
file	frozen-inputs/future-protocol/test-supervise-v3.sh	ce460c4c25d10481d7f036b6874156621b2de6703853d772427390b01a98ec3b	6240
file	frozen-inputs/future-protocol/test-supervise-v4.sh	afb613f586cf3426a185056d60d4fb780eaecf10a090bda4f6bcf15838ee49ae	5150
file	frozen-inputs/future-protocol/test-supervise-v5.sh	c4404c1101df55c815b8292f1e83824eeb89935501a40c9bcddfd65dbe30615f	9745
file	frozen-inputs/future-protocol/test-supervise-v6.sh	0b1a48c6206563e584d5809a78c7569b07f83d0792cf2a118033524ec96da6ee	5536
file	frozen-inputs/future-protocol/test-supervise-v7.sh	7378322c5985447ce1de214b18c1c2d4dc3b2140922ce342c1644cf21e54e31b	5992
file	frozen-inputs/future-protocol/test-supervise-v8.sh	c13577bc68c7259e01acbc263b855e0deb42101d727a468dc8ad503976115849	4513
file	frozen-inputs/future-protocol/test-supervise-v9.sh	257fe512852c2736dca392b0928e05efaa0913ec467281edd6ffb55053fcfcdb	6482
file	frozen-inputs/future-protocol/validate-paths-v4.py	61f63e224928c5df1c11344caea3cf6f4fff2d0a0d98b23f02a3d9fc961b7cdd	950
file	frozen-inputs/future-protocol/validate-paths-v5.py	0680c94dcba160f967c200dc486c4d8f37f28541c3e5575e72f5242333abcc4b	974
file	frozen-inputs/future-protocol/validate-supervisor-v10.py	2ea9cee0234909ebd823425506d8d293de3364a432ec8efeaee0bc6bbe1ee272	24525
file	frozen-inputs/future-protocol/validate-supervisor-v7.py	94bdfcaf378d1533fc96ffa0d2561abd533f9c38db0710c229e6b2834dd8eb80	16277
file	frozen-inputs/future-protocol/validate-supervisor-v8.py	ae8272d0c1ba3c90317a21f65d20f98e4b97b02a845d301850b13454d7360cd2	24949
file	frozen-inputs/future-protocol/validate-supervisor-v9.py	e6348f4446addad51e6429e1262e48963f1d272e6da5f0872e32fe7c517878e7	24079
file	frozen-inputs/future-protocol/verify-bounded-v2.py	70ebf8e75ed4f259fb59cd3d939ffa44d3f2fca728d63a4b17f09f7fb9a82d8d	4683
file	frozen-inputs/generate-synthetic.py	052df02b5a28cbf75dc36ddea845454235da5cff7142a980e6181c5759ba9621	1484
file	frozen-inputs/inventory.py	ca12ce5009fd9db7d2311d6df6b9ff05eda754a4bcc55472429011c36e3dbf5f	1525
file	frozen-inputs/materialize-results.py	5a684a34f2dc9d09fdc4079afb77c3b9b563c51e3fe5aec8ab562e82eade9df0	2084
file	frozen-inputs/mutate-fixture.py	bfd297433d35a38342e9e3769ce760bed6b0c97e0d893fa275f8435fb547ddbc	1529
file	frozen-inputs/preflight.sh	4a367c6a2a311ac1ae96511fbff7565bc0c9836b08b76b1e0e095d9ec947743d	2083
file	frozen-inputs/schedule.tsv	b7b14db8228785dbaf296d1293b119961298e69f5769ebf6194de3ca1abfbd2a	270
file	frozen-inputs/selfcheck.sh	24459b5937772c1e12075c52e1d2d4bb92190d978940523e5a98c3887e654ec3	853
file	frozen-inputs/summarize-results.py	3210fa8b6abf042670b332b86479efd4f2c22e4642f7df461721abe69f21bb5b	3443
file	frozen-inputs/task7kcalibration.exe	d362063ada8cd0689f69e0288700b7aef59d4e544583583e03b9587afb72288f	191
file	frozen-inputs/task7kcalibration.sml	faadb79dea635c12db27e58882824156d6219559d84d788e8b85b56b34600736	6246
file	frozen-inputs/test-validators.sh	900ac26bc0c584c34b369ae2e5e694df60df0520ede41795ad6501a7082d7186	1528
file	frozen-inputs/validate-results.py	270445875602f88c840905fb5f63c3240ff6021d688d5abae7a938a8c7e5a78c	9039
directory	future-protocol	-	0
file	future-protocol/BOUNDED_V2.full.patch	fca63fce3e5c572fbafac103523c7fa22af8fc8de15b1ae37e894a07d8bdcf42	6148
file	future-protocol/COLLECTOR_V2.full.patch	0d80b99b8a588782a6106ed92ee34a131dfb346e3f863df802218031b38a2b43	9077
file	future-protocol/COLLECTOR_V2.patch	9cc8108978b1405484ed40cd91b4df258dd00765c2663fb59a4d717e1c9ac644	722
file	future-protocol/README.md	a8aa3eca33a609f6fcb04fea4960045b613a2a337c8b44147b93ed4203acc0bd	9899
file	future-protocol/SUPERVISOR_V2.full.patch	d6f971501122857cdf83a58e16706e7982bfd41d3ee83a4a7efd15deff1583ca	8840
file	future-protocol/SUPERVISOR_V2.patch	bad11b276162f084e8c33e25417290a7df119a4d9db23a50a3d14e2adc765b20	792
file	future-protocol/UNSHARE_V6.json	98bdcb268c69471246c28172b01a2e42addc02286fca239cbf305e3d434a2f9a	340
file	future-protocol/UNSHARE_V7.json	eccbf9ca3ef31daaf1d0a4d557462d72fa072b658e2cce65a46937644f1fff14	315
file	future-protocol/UNSHARE_V8.json	09fe8824fc8c739f76d4c655a797a4ea8430c82d0ab96eb0db802ca4a7695ce8	340
file	future-protocol/V10_PATCH_MAPPING.md	8559efdf03c0ce12b3435d6a6d2c9abd708d5ee686c87f74168af0eeafa20d17	1318
file	future-protocol/V4_PATCH_MAPPING.md	919bece402ef6fe946724befc8b44ecbd89223e8100b6ceb59c99e0810bef986	1300
file	future-protocol/V5_PATCH_MAPPING.md	554c140d251d850e31d83a0284546e76f055d8656cf1118ff4ab2f26cb40b8d5	1462
file	future-protocol/V6_PATCH_MAPPING.md	8ab6d936f501fb0a5446e993ce37468142fa910f9cfa260f8ecfc44f227213bf	1240
file	future-protocol/V7_PATCH_MAPPING.md	c4fcbf9fe730743b17d913667dcfabea6ca7a90e11a257f8a61577f41b7a1ca4	1443
file	future-protocol/V8_PATCH_MAPPING.md	470f63ae79455cf418feaaed6891e7c1af1f6aea404e6edc2c00363ec83465fa	1556
file	future-protocol/V9_PATCH_MAPPING.md	6fe791c033c605c43511b83d554c60a59ea4d2e087e897ac410b9a7cf2eafa39	1351
file	future-protocol/audit-artifacts-v3.py	621a13320c1ffea46dac7b22bb85bcf696441f8cfb4f2bc5ad9431d69fe55ff3	4401
file	future-protocol/audit-artifacts-v3.sh	b8820640c6a565e2e51081b1cde3276d347f087d20f07beba3b2f1c01d6fe0e5	111
file	future-protocol/audit-artifacts-v4.py	7941c0d4f98a6090539e58b8c0403454ffa50eacba2e2cbf55c481966ecd78fd	3806
file	future-protocol/audit-artifacts-v4.sh	07d5e16d2d832e34c212eb6a6c8144e1d04ed64a84cf59a1aa84099aaffddc4e	114
file	future-protocol/audit-artifacts-v5.py	385f18064a9344f30b06274543dd84fd14531559146ac12baf2f39fe3797f65e	3803
file	future-protocol/audit-artifacts-v5.sh	0d64a402738836d83d2d016a63d224e5a694e6e21730c596361260ad25f29cf4	114
file	future-protocol/classification_status_v9.py	da845a60c9f1e2c926cb30bbefd6394e57f01ba14a705724cb15e7f221055a19	1441
file	future-protocol/collect-v10.py	0534b9b6eb53e43f0ae8d9de5282b07972b9952c1b8ac11b6435ab50253de368	34482
file	future-protocol/collect-v2.sh	743625ec8d1ae075f230e18797d617d1743c180d2b0dbfed3b195ee8b4e3017f	3636
file	future-protocol/collect-v3.sh	f20f8189b309cbd96b33938e2f324da638759f4adc88c78c3c5821e7f7cb2fd5	3932
file	future-protocol/collect-v4.sh	d3e396bb7dc6f4dce00e81ae8fad640681f954e63a6dfdd8d0cb1874cd4343a1	6152
file	future-protocol/collect-v5.py	159f7cafe4ba9d57deda5a2c3c19eab1ed0177f820c190b84acadc5a96fd6f09	13570
file	future-protocol/collect-v6.py	6f73eeac160cb2c64a6ebae2814f56ba3318ee1b99c42679deab050af26c301b	11370
file	future-protocol/collect-v7.py	3468735e54f6b1d11a90cf0ed53d08f3e236caeb1f1e28b547e2d2342566b908	19203
file	future-protocol/collect-v8.py	e63884f18f40fa6f358bc6d100715a3e1f589886818be796fe41dcfc0e815b74	26060
file	future-protocol/collect-v9.py	d04f752dedcaed55eab1d368455e6185fbe0cbbe72ee81c12d49a90e680d55c1	30416
file	future-protocol/collector-signal-driver-v10.py	a3a60855cffbcfbfe39325aac7e5e289c403df7ba7a01e457dc3b30469eb1c14	1080
file	future-protocol/collector-signal-driver-v4.py	053d18b7808a432b99355af60fdf94128cc11eacbf0514dd7d72b97fd9eeacab	1343
file	future-protocol/collector-signal-driver-v5.py	7bceeffb868b92f5056b54692b83cfd3c8bf9287b3b3cfc2b0cb38a1a466ede3	1784
file	future-protocol/collector-signal-driver-v6.py	fd102bab86f3feea3e9997509a59d07045077cebc00a0e6965f269eaf6b91596	1447
file	future-protocol/collector-signal-driver-v7.py	ac8714006badbff09a9336698816ab588dc211212c128336cefe67340c1b53b6	1450
file	future-protocol/collector-signal-driver-v8.py	40580e0013c059ffbe22676e138b43539cbbffcfd246f26c2afd782d4d918e2e	1078
file	future-protocol/collector-signal-driver-v9.py	9cd2388d91aeae5493b9e4d25df5849f7467ebed8877599e0d07a6c4c7b3fa7c	1078
file	future-protocol/containment-preflight-v6.py	d8145b85be68e3cc3f1d0d7b75a12b4bce85d52375c64cc8b90c5a176025be91	8003
file	future-protocol/containment-preflight-v7.py	9adf4d534a2cb96b8107eb9db3c7a9436a0b0bb4ff3e047a6e279585e2df315b	12618
file	future-protocol/containment-preflight-v8.py	16172bc720b70c249a82f3287de2b68712bd6859ac38539131bae86d193c2a82	13411
file	future-protocol/launch-gate-v8.py	6834b4acf8c4bc982a6d08a0c453ef787ff8ffcc674c0a96b119893beaebb564	1229
file	future-protocol/launch_bootstrap_v8.py	14ed61ec1563c1d47698cf85594cda5c0901eadab29277800302b84364aae3e9	3746
file	future-protocol/namespace-init-v6.py	55e0295a4d0b7c3bb64c43d0521b52a0ea3c525830e5361b484379c5c32ed6c8	2359
file	future-protocol/namespace-init-v7.py	285f0d31c499b67a1233e4f0dfaee2befc7e7a63672403b56f4ab97ff9458aa7	2310
file	future-protocol/namespace-init-v8.py	8a708470db3906b822921754a0ab4dc19397650c43a0a56909fafd91102ce221	2459
file	future-protocol/path_validation_v4.py	8b22e8173f0483ca2a07d95b1c229da00fc29963c0e807382b0d40be6bd2f949	3414
file	future-protocol/path_validation_v5.py	044d7419c9b1409d42163aa75a7239d465a4ee032ff48ba9bf1aae67f23a521c	3755
file	future-protocol/process-tree-fixture-v3.py	567af0e4ca55fc46aa6073dad059235c86609519bb05a938c3856008cb1c5e20	1446
file	future-protocol/process-tree-fixture-v4.py	4ed9aadaaed0749fa864f6680cccdb14bc2ae2aa5c7ed6667b6dc93af9e16302	1227
file	future-protocol/process-tree-fixture-v5.py	c3de55043e36a02fd24d0433e5a8e84688c499d13606168ff18079457daa9437	2139
file	future-protocol/process-tree-fixture-v6.py	ee7ddc3d9cbfe41c7a8d9872a87cff57378ddf9f6c224f0c972b0172a5db8d30	1116
file	future-protocol/process-tree-fixture-v7.py	d977c02f04c5724514c050419107284779e5dc0fe3d525d247e1887f5af5bf9e	1107
file	future-protocol/strict_integer_v10.py	c83f0d553f0c110df4ae1092b79c02e040a9a2ee2e3395dd174e6ee5343208ac	567
file	future-protocol/supervise-v10.py	8ee352cbc937619442bb3745a65239ae7e7df487dbe4802df8bf31f82c46ed90	21837
file	future-protocol/supervise-v2.py	83064aca0cc21ff5d0286229eda4d3a237ddad30e8e55c614855b9b8dad93384	7066
file	future-protocol/supervise-v3.py	50a86e015a61a2e2375997e743faea7f924ebf7e91fe6a8fe37958cc6930e71e	19588
file	future-protocol/supervise-v4.py	7ed037ddfd872d6eb0cd753ad3f539fb43c892cdb010b653ea63e09b14602c58	27064
file	future-protocol/supervise-v5.py	d06d228d7e5dae23dbf9e9c8ecd646afc7e8ed914d7c968f541bae9e2bce4637	33063
file	future-protocol/supervise-v6.py	bf17c60bd79bbb5126e7e8a073cbb2cc2d56439848d10def91b3548e311e5499	22528
file	future-protocol/supervise-v7.py	4bcd27f543ff82f121c464b0f66e859aa8449eeb08967d7c26036866fd96ab7b	26777
file	future-protocol/supervise-v8.py	694338faed139c01893ca50e83f9075da383e85f42ddc0d1abc6f40209560ea8	21130
file	future-protocol/supervise-v9.py	856ee4a0fbb029ad840330ddd8ca6127c5ad7fa47f520029cdfb195b5b4e9936	20518
file	future-protocol/supervisor-signal-driver-v7.py	525f31332b68c530656f6cc6425dd85562c98acb4d90084c08cfaddf0d7f8d8f	964
file	future-protocol/supervisor-signal-driver-v8.py	9ba52bf98a4caa6ecf66d14bba12d4ab100d8046c2aebe4aa6d6036112c49f1a	955
file	future-protocol/synthetic-artifact-audit-v3.sh	1521d1ac6e6ebbea878b850291698aaefa0dab4d37fc4822874019cdc7d05939	376
file	future-protocol/synthetic-artifact-audit-v4.sh	99d462f9f3971d7a6fe2cec8c7014a5e482d658c447ae966f9f3e66c70b199e0	383
file	future-protocol/synthetic-artifact-audit-v5.sh	99d462f9f3971d7a6fe2cec8c7014a5e482d658c447ae966f9f3e66c70b199e0	383
file	future-protocol/synthetic-artifact-audit.sh	f8d039366dbee3db55521bb100f06327d23e52800440780330afba7ca28a652f	102
file	future-protocol/test-bounded-v2.sh	ecb2d3fa4154d587428b468d3587d6fcdf8d903ea72d360ff97b069d3ac7b8ec	3086
file	future-protocol/test-collector-v10.sh	cacf076cc1a399e6764731395cf443966bf60eb1d010605e731634611a1e6b6f	13223
file	future-protocol/test-collector-v2.sh	c2e80a92b445585c56343459bc4609fd417ba4f30d8be70ba858ed2a48473309	2265
file	future-protocol/test-collector-v3.sh	3f371a8f0d18ce8aa87f71feebf591f546b891cd9b592a02181bd79ddd0dcbee	4133
file	future-protocol/test-collector-v4.sh	a03da271a6ce8189679f0f09073707b761a6b4805d0a32cad1a83a37d2971b08	6619
file	future-protocol/test-collector-v5.sh	c66db5f5012886eb52fd2d9b223eab80d04070d9edd0cc4dad9dcf9fec2e7859	10567
file	future-protocol/test-collector-v6.sh	c1ced96fbd4f851bbc9496eb51877b8aa1d1c988e5754b3b5d53cee9d553a309	5584
file	future-protocol/test-collector-v7.sh	1d0c70ef363fe028ecf6996ab0fb079db647391963e73c77248a92bcdf3646e6	8798
file	future-protocol/test-collector-v8.sh	6f3a5a649d99149c907c51e3cbca59e7d54f9a48959a71157f0b6fcb6e379de8	8111
file	future-protocol/test-collector-v9.sh	3eae66e1470f7333ef665636a9ffbbf1ad66b6f5108b0ff45f42f205e61575e7	11123
file	future-protocol/test-supervise-v10.sh	b7b0737bd5ceb290b1d97cff061f6ffbb5b8fd92f3fdbae17e578f6a538dde0a	7556
file	future-protocol/test-supervise-v2.sh	5b4f7739a87a119a268e589605d5f8fbe127921864b6db18a73270ad14658ebc	3929
file	future-protocol/test-supervise-v3.sh	ce460c4c25d10481d7f036b6874156621b2de6703853d772427390b01a98ec3b	6240
file	future-protocol/test-supervise-v4.sh	afb613f586cf3426a185056d60d4fb780eaecf10a090bda4f6bcf15838ee49ae	5150
file	future-protocol/test-supervise-v5.sh	c4404c1101df55c815b8292f1e83824eeb89935501a40c9bcddfd65dbe30615f	9745
file	future-protocol/test-supervise-v6.sh	0b1a48c6206563e584d5809a78c7569b07f83d0792cf2a118033524ec96da6ee	5536
file	future-protocol/test-supervise-v7.sh	7378322c5985447ce1de214b18c1c2d4dc3b2140922ce342c1644cf21e54e31b	5992
file	future-protocol/test-supervise-v8.sh	c13577bc68c7259e01acbc263b855e0deb42101d727a468dc8ad503976115849	4513
file	future-protocol/test-supervise-v9.sh	257fe512852c2736dca392b0928e05efaa0913ec467281edd6ffb55053fcfcdb	6482
file	future-protocol/validate-paths-v4.py	61f63e224928c5df1c11344caea3cf6f4fff2d0a0d98b23f02a3d9fc961b7cdd	950
file	future-protocol/validate-paths-v5.py	0680c94dcba160f967c200dc486c4d8f37f28541c3e5575e72f5242333abcc4b	974
file	future-protocol/validate-supervisor-v10.py	2ea9cee0234909ebd823425506d8d293de3364a432ec8efeaee0bc6bbe1ee272	24525
file	future-protocol/validate-supervisor-v7.py	94bdfcaf378d1533fc96ffa0d2561abd533f9c38db0710c229e6b2834dd8eb80	16277
file	future-protocol/validate-supervisor-v8.py	ae8272d0c1ba3c90317a21f65d20f98e4b97b02a845d301850b13454d7360cd2	24949
file	future-protocol/validate-supervisor-v9.py	e6348f4446addad51e6429e1262e48963f1d272e6da5f0872e32fe7c517878e7	24079
file	future-protocol/verify-bounded-v2.py	70ebf8e75ed4f259fb59cd3d939ffa44d3f2fca728d63a4b17f09f7fb9a82d8d	4683
file	generate-synthetic.py	052df02b5a28cbf75dc36ddea845454235da5cff7142a980e6181c5759ba9621	1484
file	inventory.py	ca12ce5009fd9db7d2311d6df6b9ff05eda754a4bcc55472429011c36e3dbf5f	1525
file	materialize-results.py	5a684a34f2dc9d09fdc4079afb77c3b9b563c51e3fe5aec8ab562e82eade9df0	2084
file	mutate-fixture.py	bfd297433d35a38342e9e3769ce760bed6b0c97e0d893fa275f8435fb547ddbc	1529
directory	preflight-logs	-	0
file	preflight-logs/blast-clean-final.log	e3b0c44298fc1c149afbf4c8996fb92427ae41e4649b934ca495991b7852b855	0
file	preflight-logs/classical-clean-final.log	e3b0c44298fc1c149afbf4c8996fb92427ae41e4649b934ca495991b7852b855	0
file	preflight-logs/collector-v10.log	58e4fd652048cc5ad9d9b2bcb6d9fe8198919109a266fe69bcd2547434e0caa9	101
file	preflight-logs/input-manifest-check.tsv	591470eb25842e5edb4cb6d4c71ee1915cec5d3e3f0173fdd9f43373d7a92a2f	493295
directory	preflight-logs/logs	-	0
file	preflight-logs/logs/blast-build.log	6692701f6731d2948495d76dc02affbe773f9907e3e787e25fb68ca654940bf9	147
file	preflight-logs/logs/blast-clean.log	e3b0c44298fc1c149afbf4c8996fb92427ae41e4649b934ca495991b7852b855	0
file	preflight-logs/logs/blast-selftest.log	581421e0c40c54504a85e3135632a0bdb1c6edec06237aef943643379bc737cb	17856
file	preflight-logs/logs/classical-build.log	a66c9dc30b5b9dc0d85076280820608cac6322ed6bfb9ee0bc009d9303ef5180	101
file	preflight-logs/logs/classical-clean.log	e3b0c44298fc1c149afbf4c8996fb92427ae41e4649b934ca495991b7852b855	0
file	preflight-logs/logs/classical-selftest.log	a634b9c0361d46173b7b02cc4f51aae3497296307950114497ec00a334718c48	15039
file	preflight-logs/logs/final-index-clean.log	e3b0c44298fc1c149afbf4c8996fb92427ae41e4649b934ca495991b7852b855	0
file	preflight-logs/logs/final-tracked-clean.log	e3b0c44298fc1c149afbf4c8996fb92427ae41e4649b934ca495991b7852b855	0
file	preflight-logs/logs/harness-build.log	5e11612148cd6d985685c78e9916fef0d427cddbd21b61960c6485b12a2324de	189
file	preflight-logs/logs/harness-clean.log	e3b0c44298fc1c149afbf4c8996fb92427ae41e4649b934ca495991b7852b855	0
file	preflight-logs/logs/head.log	e21e159b4d05b011a54a240a2831b68bb741684f280a10ee57246931e8c60608	41
file	preflight-logs/logs/index-clean.log	e3b0c44298fc1c149afbf4c8996fb92427ae41e4649b934ca495991b7852b855	0
file	preflight-logs/logs/package-selfcheck.log	8b5cfd33d5bd667a72a793ace52f3645f9ad22579d791cd96447b71f6eb9e1fb	317
file	preflight-logs/logs/tracked-clean.log	e3b0c44298fc1c149afbf4c8996fb92427ae41e4649b934ca495991b7852b855	0
file	preflight-logs/package-clean.log	e3b0c44298fc1c149afbf4c8996fb92427ae41e4649b934ca495991b7852b855	0
file	preflight-logs/pre-collection-endpoint.txt	03b52e59ad716bcf28b05a9979254e3ac5fba6cc5098270be2207d51f404abcb	19026
file	preflight-logs/status.tsv	53a70de27a0b1d811905dec0bfce980d0e4d53540de8dec5da6b965366262027	696
file	preflight-logs/supervisor-v10.log	8c03ce3064edf57be7ae49e3e614219671f13faddb3276aa3d28cbff1296da1e	330
file	preflight-logs/validator-final.log	6c2935df2376a1de889a6eaf3a2bf70a80264d4137504d783f32beef3b74b161	52
file	preflight-logs/validators.log	6c2935df2376a1de889a6eaf3a2bf70a80264d4137504d783f32beef3b74b161	52
file	preflight.sh	4a367c6a2a311ac1ae96511fbff7565bc0c9836b08b76b1e0e095d9ec947743d	2083
file	schedule.tsv	b7b14db8228785dbaf296d1293b119961298e69f5769ebf6194de3ca1abfbd2a	270
file	selfcheck.sh	24459b5937772c1e12075c52e1d2d4bb92190d978940523e5a98c3887e654ec3	853
file	source-cleanliness.txt	b309edd7d6ea86bab7777b65574e28687077034c724b78f1c27b3e5679d322a1	356
file	summarize-results.py	3210fa8b6abf042670b332b86479efd4f2c22e4642f7df461721abe69f21bb5b	3443
file	task7kcalibration.sml	faadb79dea635c12db27e58882824156d6219559d84d788e8b85b56b34600736	6246
file	test-validators.sh	900ac26bc0c584c34b369ae2e5e694df60df0520ede41795ad6501a7082d7186	1528
file	validate-results.py	270445875602f88c840905fb5f63c3240ff6021d688d5abae7a938a8c7e5a78c	9039
