path	sha256	size	mtime_ns
src/auto/classical/clasetUnify.sig	ce9b555faa133c05af9652b4fcdeb382364f82a027a9cf986f8acc6a0366048d	2263	2026-07-20 17:39:46.075841145 +0000
src/auto/classical/clasetUnify.sml	6471cffd4f09eff5f29a81b8e14b6ba6b6dab4f089c775e8a5da2382d9696e5f	19738	2026-07-20 17:39:46.133839726 +0000
src/auto/classical/.hol/objs/clasetUnify.ui	4823063f2c62d949e315d77081c5efef221b54f5890253ff7c39acf4cdc386d1	195	2026-07-20 19:29:28.200764823 +0000
src/auto/classical/.hol/objs/clasetUnify.uo	8a5501e70c4327cbb73f01ede650b5b83cb5ff17a6f72dac92e0d6d5b9763e0a	262	2026-07-20 19:29:28.203452991 +0000
src/auto/classical/clasetStep.sig	b515f23d0b907c7908a195924b1fc40d5562803d2a88b5109df11354319dae2b	9365	2026-07-20 15:57:31.236599928 +0000
src/auto/classical/clasetStep.sml	b56c8a0e81bdb8caacb864fc3ad7b7c90a76f4aa21e56bab2fdee74a903c5e1d	87259	2026-07-20 16:12:07.233972167 +0000
src/auto/classical/.hol/objs/clasetStep.ui	99a90ba3b76a69581b7119466a4eacdd436c2a5ddb9fb4f598598c994fc1a904	271	2026-07-20 19:29:28.200368547 +0000
src/auto/classical/.hol/objs/clasetStep.uo	26ccc6eb57f4344aff96d27a6bdc136f6dc7108bf973680264d98401597826c5	673	2026-07-20 19:29:28.218563677 +0000
src/auto/blast/blastReconstruct.sig	0455793b943b1371ecf432a42bf5486265d5dca9bb73c519d500d38448bc9db5	12298	2026-07-20 16:52:34.298111775 +0000
src/auto/blast/blastReconstruct.sml	7aeb58cd18f9c52de47412e3a3134f42d385e80c77872e4fd46328ac20a88f35	59825	2026-07-20 16:54:08.218804095 +0000
src/auto/blast/.hol/objs/blastReconstruct.ui	99678227d5d6d702f3151d045ea95c412d8419b01d8221cbac74e171a4ffd897	291	2026-07-20 19:30:16.168903957 +0000
src/auto/blast/.hol/objs/blastReconstruct.uo	0f8173d32e0ca18c9fb00ef66ab9f834f6b18571eaa3a30f2246f61189bb493b	519	2026-07-20 19:30:16.175365903 +0000
.agent-files/benchmarks/m2-timed-v2-fresh/task7gcalibration.sml	9c2584a7878782a07911a26abefdb409fb3cd689911da5d3ec097f40eeeb9220	4425	2026-07-20 19:12:09.093366781 +0000
.agent-files/benchmarks/m2-timed-v2-fresh/.hol/objs/task7gcalibration.ui	e3b0c44298fc1c149afbf4c8996fb92427ae41e4649b934ca495991b7852b855	0	2026-07-20 19:36:20.740125804 +0000
.agent-files/benchmarks/m2-timed-v2-fresh/.hol/objs/task7gcalibration.uo	52f4e4973d6be95bf3b6a592ea9b1eb26de53462da4c38168adce6ee14b6a7fb	509	2026-07-20 19:36:20.740125804 +0000
.agent-files/benchmarks/m2-timed-v2-fresh/task7gcalibration.exe	66b40f6f4295fa3e5952de23b93a0476e1d6faef07edbe6f66ec13a07f338696	191	2026-07-20 19:36:20.740356603 +0000
.agent-files/benchmarks/m2-timed-v2-fresh/task7gactive.sml	a8b195fc710e4b1eb7702fc7abc04241e0887b12283c482415eb565f8b66e90b	2422	2026-07-20 19:12:09.094393614 +0000
.agent-files/benchmarks/m2-timed-v2-fresh/.hol/objs/task7gactive.ui	e3b0c44298fc1c149afbf4c8996fb92427ae41e4649b934ca495991b7852b855	0	2026-07-20 19:36:20.728276407 +0000
.agent-files/benchmarks/m2-timed-v2-fresh/.hol/objs/task7gactive.uo	2f190df79894c7fc0e7e34cdf1dee028c22fb660f537bb39ea0765c3a3182902	476	2026-07-20 19:36:20.728276407 +0000
.agent-files/benchmarks/m2-timed-v2-fresh/task7gactive.exe	139795645c05605558eb27ddcaa3edeb9c7fe8a703c7536c491a35cb417a0a7e	186	2026-07-20 19:36:20.728460340 +0000
.agent-files/benchmarks/m2-timed-v2-fresh/task7gmeasurement.sml	6379a1c69b9e2bb87576e2dd9a9580c0a3881cd77ad0fc39d8f1a42440beeec8	12000	2026-07-20 19:12:09.092320202 +0000
.agent-files/benchmarks/m2-timed-v2-fresh/.hol/objs/task7gmeasurement.ui	e3b0c44298fc1c149afbf4c8996fb92427ae41e4649b934ca495991b7852b855	0	2026-07-20 19:36:20.753138958 +0000
.agent-files/benchmarks/m2-timed-v2-fresh/.hol/objs/task7gmeasurement.uo	54c269d9a0a56fcaca9edce4546383d86334dc8a268f19b1cbc29a4cebd687b0	549	2026-07-20 19:36:20.753138958 +0000
.agent-files/benchmarks/m2-timed-v2-fresh/task7gmeasurement.exe	3b2a6a2ac5f0616162d64f34bf93a94250925daa9fd0899d023982d8bbc8f4e2	191	2026-07-20 19:36:20.753360563 +0000
bin/hol	2484ea7d1747bf4edc0b238a5c02fc3d31d337152a4c6afc3a35994e1ffecf61	40361176	2026-07-14 12:00:44.889498514 +0000
bin/hol.state0	15f798a70c159d0fcd7a4ee53830138df477976013892ef70fccc51f2152bc55	19297696	2026-07-14 12:01:03.679860589 +0000
tool:awk=/usr/bin/gawk	cd78fb665cee82bf4c561fe4992e954a78301f6b91a5ad9af80753bf96bd1658	792896	2024-03-31 05:33:52.000000000 +0000
tool:env=/usr/bin/env	dde57443115af498aa981159ba6517b156547173342af36487ed58631d9e47c3	68368	2026-01-23 13:30:04.000000000 +0000
tool:pgrep=/usr/bin/pgrep	62b85644146d2ef2a8441b25220e3b1ea8ab7303ae56a828af12cbd87d7fdb3b	67832	2024-09-26 08:44:05.000000000 +0000
tool:sed=/usr/bin/sed	39ca7d42a112f32abd4f2a016c8a0d1777a5fd75608f8e1a5d80ac161337a0fe	133456	2026-04-17 18:02:14.000000000 +0000
tool:sha256sum=/usr/bin/sha256sum	f3d040161f5c29e4c7cd4e3d6bb513ce9a43b9d1bd06f456a6aab3d34d0f1e33	67896	2026-01-23 13:30:04.000000000 +0000
tool:stat=/usr/bin/stat	86b89355842f54a49698069b345eabb94c2f26d2f33b5734ec91c68de8fe6f7a	133488	2026-01-23 13:30:04.000000000 +0000
tool:timeout=/usr/bin/timeout	2db30bc57746c940a0643581cd5e2671e505442bea16164143f0ea8ff4e36453	68368	2026-01-23 13:30:04.000000000 +0000
