path	sha256
.agent-files/benchmarks/m2-timed-v2/README.md	5a3b3022308d0cd85a90289e783e8ca3b4dd7311300df5268487e34006a691f2
.agent-files/benchmarks/m2-timed-v2/HISTORICAL_REVIEW_STATUS.md	139edc33394b46f79af3d83bdb875c85002d2f3788ff3d2cc777b999ff946e88
.agent-files/benchmarks/m2-timed-v2/PREDECLARATION.md	4014dccbfe4f01e46b949adeccaa271c9dc733b2772f4a43514850167281852e
.agent-files/benchmarks/m2-timed-v2/POST_COLLECTION_VALIDATOR_REPAIR.md	db02ea2592947f3bb0f32907f36b53a22c6e77c2b0730858a2c0d29ac365c39a
.agent-files/benchmarks/m2-timed-v2/POST_REPRESENTATIVE_PARSE_REPAIR.md	483377a36fdf22d0e124377ef00cbbf7fa1a0e711ff83c8d62c9771f93f9bee1
.agent-files/benchmarks/m2-timed-v2/TARGET_RETRY_1.md	ea680cb4dbc6b13424e7c9a798191127d0fd08860c1f5953090577b93a9eaae3
.agent-files/benchmarks/m2-timed-v2-fresh/README.md	8ca0a6e91fc3f2a89f4697e36d4006db133992658331d06ede65ee8423f5fc07
.agent-files/benchmarks/m2-timed-v2-fresh/PREDECLARATION.md	b79d0ffd5c7a1b3441f87bec00d8179e1e4568578d51a66aa963f3f03b0ccfc7
.agent-files/benchmarks/m2-timed-v2-fresh/frozen-inputs/PREDECLARATION.md	679db0437b2d2a096a53cdf69eb83e7c2bf11018b0c46b8f2349b5a8abf018d2
.agent-files/benchmarks/m2-timed-v2-fresh/pre-freeze-attempt-0/frozen-inputs/PREDECLARATION.md	272063bda4b823f222308865d07fae9af4423ebc18e9ae23d57ebc8de9f4b1bc
