type	path	sha256	link_target
regular	.hol/locks/task7gactive.exe.lock	e7ba0001d26cf3c3f59cf1a1793a7738b1ffef9953a330231f9430db958a9f5d	-
regular	.hol/locks/task7gactive.uo.lock	e7ba0001d26cf3c3f59cf1a1793a7738b1ffef9953a330231f9430db958a9f5d	-
regular	.hol/locks/task7gcalibration.exe.lock	e7ba0001d26cf3c3f59cf1a1793a7738b1ffef9953a330231f9430db958a9f5d	-
regular	.hol/locks/task7gcalibration.uo.lock	e7ba0001d26cf3c3f59cf1a1793a7738b1ffef9953a330231f9430db958a9f5d	-
regular	.hol/locks/task7gmeasurement.exe.lock	e7ba0001d26cf3c3f59cf1a1793a7738b1ffef9953a330231f9430db958a9f5d	-
regular	.hol/locks/task7gmeasurement.uo.lock	e7ba0001d26cf3c3f59cf1a1793a7738b1ffef9953a330231f9430db958a9f5d	-
regular	.hol/make-deps/task7gactive.sml.d	a1887fb8bb6f8e90206afc9bec8cbbc0274857bff3cbae539695034425b233f8	-
regular	.hol/make-deps/task7gcalibration.sml.d	759070dbf8b961a78f798a2f8ba10d4ea459ffc838bc60c52cf6a0030a7a86d3	-
regular	.hol/make-deps/task7gmeasurement.sml.d	0b7756db86abe2bdbfe6d761941539f72b844d8b63f03b78ad165a995f4b7932	-
regular	.hol/objs/task7gactive.ui	e3b0c44298fc1c149afbf4c8996fb92427ae41e4649b934ca495991b7852b855	-
regular	.hol/objs/task7gactive.uo	81348a93b5e90cada6bf08b1bbeeaf27434b1cd4904e273945f1ca594194a7ce	-
regular	.hol/objs/task7gcalibration.ui	e3b0c44298fc1c149afbf4c8996fb92427ae41e4649b934ca495991b7852b855	-
regular	.hol/objs/task7gcalibration.uo	de5cc1f02759fb135c6f28eb2a7cf7a9701acf02cc33e30ae4df600d726ffbdb	-
regular	.hol/objs/task7gmeasurement.ui	e3b0c44298fc1c149afbf4c8996fb92427ae41e4649b934ca495991b7852b855	-
regular	.hol/objs/task7gmeasurement.uo	c300c083b70fa38c78657a7d8383589b7fcfbd7981aba613de7554b9a685ed87	-
regular	ARTIFACTS-FROZEN.tsv	fde1f6d4c07229153a8afa5e42334f10741c2693d7b82ac7f64e8d679c242122	-
regular	FINAL_AUDIT_ERRATA.md	33572285d0327af3fd00f7aa07abb695aee8fb89af89562f22d2c35e10e704b5	-
regular	HISTORICAL_BANNER_HASHES.tsv	ff1a5cd5d4b1132fddd39f6c1522f591e9862f1ae7ccf59d84ae1598b89fa2c1	-
regular	Holmakefile	3a28a3a6c8f7a5e3399ab9f8ff4cffb7b14e173d9fd3444e78e1290150dbad46	-
regular	INPUT-MANIFEST.tsv	e9a00d95865c45150127fac4db3ae31a1c6a6e7bdaf22d0af81fc2dbaff9bb48	-
regular	INPUTS.sha256	718225dc6f7ff1fef4e091e4fe063bc1c39d6795b539b9a099f109b26f0ab569	-
regular	POST_COLLECTION_CHECKSUM_REPAIR.md	355ec4ab81f71ef8995cef78fca0268cdb5ebcccbbbe8b0716d96ada76f95ece	-
regular	PREDECLARATION.md	f11dccea7e517f765a8252d201d63a175c00f0dfe993eae33898d9212691f990	-
regular	PRE_COLLECTION_AUDIT_HISTORY.md	f484fbf6c25fefd981136e4e037c86ca6fdc391b78b5c1e3fda27dc08a8a5f7f	-
regular	PRE_SEAL_REPAIR.md	bb0c5e2f106bc46b0b195e70992cd38b39f8fce814b2a33b417315998086f9fa	-
regular	README.md	17776d52c06fbe14915c76236f3a739fef4cad637ffa4326befb0d7a21b058fe	-
regular	SEAL_PLAN.md	2a5cada5906c5930a3eef15ed19ed465539cdb5a8b957eb7a58bbe3d25f6b526	-
regular	active-calibration-raw.tsv	82a80dab756b0053f59b3b6f880c35fef3737e944d8cc2691ccfe40bc7f4dac7	-
regular	active-calibration-schedule.tsv	81295e1c09a0c8fd5a046bea248cb2b1535ab1d37676b3daba33b8592f499f53	-
regular	artifact-manifest.sh	79e12c12ce1a91fe23d8687b5eec854774ca7a30689c03f8fa4aafca3dad3078	-
regular	calibration-raw.tsv	7776e33bc36126dceb34c6b30bee8747f219f210eb5c0438853ac841597fd8d2	-
regular	calibration-schedule.tsv	9e416fe5841b149c3086411b3419a5d287bda9bf818aed1cb47ce72b283682d1	-
regular	calibration-summary.tsv	887f1a2ef5eddcfad1e66ff19f72a9158c605318b66eb7ee93ee7879a51059e4	-
regular	calibration-validation.log	f436844c7f9b2267e6d4866d3a8e78c1ae7f5725169bbb13dc65260bbd7b7adb	-
regular	collect-locked.sh	42a295496337e36542a1e40916548b54bd1f7db69fe3c54b3144cd157ed0d0ef	-
regular	collection-status.tsv	49ca2a9eff440075f8051054f354aa0ded4941cbbe1ee441b987a654b803d1cc	-
regular	endpoint-preflight.sh	3fdb6e43c01c50a15067e5ca22b4d6765b01af77bfc2a7e9d4f8a990c1896675	-
regular	endpoint-preflight/task7gactive.log	8c6c8ec39be8560ef0e19e8aa697ba6e3479111d27bff15f514259c8585d06cb	-
regular	endpoint-preflight/task7gcalibration.log	8e78117188bbd7bb4f7d23fd5ce9708296ffd71de925ff6cbca37c973a090d51	-
regular	endpoint-preflight/task7gmeasurement.log	57537a9621af97979858f1826439031b6c02fd19d05a56d8c723ebf98f0ba3dd	-
regular	environment.txt	5e8b895044fc8124494d6a3a1f2758094f5c993d8a2837a5b4451f7b57c64166	-
regular	final-audit.sh	c65bc7fcd9155a4e401f8a39e8c9021402ab677abd4bde98126fa34757419940	-
regular	final-status.tsv	3ba0efec8ca3416e4c0f688a1d82a7ae5d113b6bf5379799077cc0481419db48	-
regular	frozen-inputs/Holmakefile	3a28a3a6c8f7a5e3399ab9f8ff4cffb7b14e173d9fd3444e78e1290150dbad46	-
regular	frozen-inputs/PREDECLARATION.md	f11dccea7e517f765a8252d201d63a175c00f0dfe993eae33898d9212691f990	-
regular	frozen-inputs/PRE_SEAL_REPAIR.md	bb0c5e2f106bc46b0b195e70992cd38b39f8fce814b2a33b417315998086f9fa	-
regular	frozen-inputs/SEAL_PLAN.md	2a5cada5906c5930a3eef15ed19ed465539cdb5a8b957eb7a58bbe3d25f6b526	-
regular	frozen-inputs/active-calibration-schedule.tsv	81295e1c09a0c8fd5a046bea248cb2b1535ab1d37676b3daba33b8592f499f53	-
regular	frozen-inputs/artifact-manifest.sh	79e12c12ce1a91fe23d8687b5eec854774ca7a30689c03f8fa4aafca3dad3078	-
regular	frozen-inputs/calibration-schedule.tsv	9e416fe5841b149c3086411b3419a5d287bda9bf818aed1cb47ce72b283682d1	-
regular	frozen-inputs/collect-locked.sh	42a295496337e36542a1e40916548b54bd1f7db69fe3c54b3144cd157ed0d0ef	-
regular	frozen-inputs/endpoint-preflight.sh	3fdb6e43c01c50a15067e5ca22b4d6765b01af77bfc2a7e9d4f8a990c1896675	-
regular	frozen-inputs/generate-synthetic.awk	57a9e95bf2a90fd1d09dd6869d5557ef5a02bb7fb060ef9a287029355dc8c975	-
regular	frozen-inputs/mutate-fixture.awk	25e2b0415bc4294aa7587b3d632b22147ab2817c9c100217e97bd7cd0df18231	-
regular	frozen-inputs/prepare-and-freeze.sh	716678ad2e0b6924285564bc63f66646ca96b8a630be162b93ac3a0cdb29fed9	-
regular	frozen-inputs/run-target.sh	263e41467fc450263d9d090ac3ab6473d48f2c539f3e94306bbcd3aea516cfae	-
regular	frozen-inputs/schedule.tsv	f5b1cdc6231bfb55de30aab4c988bc176e2e0c0a86301fc7195859a850f22030	-
regular	frozen-inputs/selfcheck.sh	ff5ef5842c6702e60ddf176a233f5df59efb40630e76a3d4d4717bd3059fb9f4	-
regular	frozen-inputs/summarize-calibration.awk	3d52eb9b6465cfe1cb78e78cda04a0846d8fb2859d20bbe3fa47c5bb21d758a6	-
regular	frozen-inputs/summarize-target.awk	987bc1fd86f95305d32854753500a7bbc09436abf49f2fa024f6deed2bf1167d	-
regular	frozen-inputs/task7gactive.sml	a8b195fc710e4b1eb7702fc7abc04241e0887b12283c482415eb565f8b66e90b	-
regular	frozen-inputs/task7gcalibration.sml	9c2584a7878782a07911a26abefdb409fb3cd689911da5d3ec097f40eeeb9220	-
regular	frozen-inputs/task7gmeasurement.sml	6379a1c69b9e2bb87576e2dd9a9580c0a3881cd77ad0fc39d8f1a42440beeec8	-
regular	frozen-inputs/test-validators.sh	fc96d2c6dec7c180ca51d4dff3168e70564f79c98e2503e597a0b49285f8c596	-
regular	frozen-inputs/validate-calibration.awk	090d549ec3358852cc81038feae3adf95c918612821fa5e28e08142820c528df	-
regular	frozen-inputs/verify-summaries.sh	28c5c4afc0863f8a1ae2d240b2ee09202d8bf0c9347eb81eca7125908b9ba54c	-
regular	frozen-inputs/verify-target.awk	acb2c039eb6cea5c20e4ec150605fe6cd0f848a65733f9001f554d8fc6ef4791	-
regular	generate-synthetic.awk	57a9e95bf2a90fd1d09dd6869d5557ef5a02bb7fb060ef9a287029355dc8c975	-
regular	mutate-fixture.awk	25e2b0415bc4294aa7587b3d632b22147ab2817c9c100217e97bd7cd0df18231	-
regular	package-inventory.sh	d4325415b2b26edf4097583502795b138ab497c0aa3c18b01b73d6822e229ca9	-
regular	pre-seal-attempt-0/PRE_SEAL_REPAIR.added.diff	c52f8f85226fef8ff27e65cec54c371439d6061419063bd6b245e4324cd21878	-
regular	pre-seal-attempt-0/attempt-status.tsv	fde5737545608e0f89d050e25371b0e8fff5957a1f2b2e7b3a8f8fb58787cacf	-
regular	pre-seal-attempt-0/endpoint-preflight/task7gactive.log	4ebdd1d42ada8eebb9c1df2e7c94892d75a5b200202cfc23a11c51fedaebc408	-
regular	pre-seal-attempt-0/endpoint-preflight/task7gcalibration.log	3c2005c7efc70fe9ec4c59e5a2f616b3ada896181329495956558f77f162068d	-
regular	pre-seal-attempt-0/endpoint-preflight/task7gmeasurement.log	64b41bf012a1adc310c8502c6ae65d5c0b4e4895521520c31e4815112cc19b20	-
regular	pre-seal-attempt-0/environment.txt	7d7b9e0eb4f5d31ef3489eb0fafea2d127823b7057672e803ad4ed726ca39d6b	-
regular	pre-seal-attempt-0/evidence-command-status.tsv	e7c91ab779cd8d5dc95345579215e54f7e992db69e73f45a5c0c6e426e2dc086	-
regular	pre-seal-attempt-0/failure.log	09ecc203a480c9070b07f5755f5479fe68fa4e2579f8573831e52c00de9b7abb	-
regular	pre-seal-attempt-0/full-bodies-after/PRE_SEAL_REPAIR.md	bb0c5e2f106bc46b0b195e70992cd38b39f8fce814b2a33b417315998086f9fa	-
regular	pre-seal-attempt-0/full-bodies-after/prepare-and-freeze.sh	716678ad2e0b6924285564bc63f66646ca96b8a630be162b93ac3a0cdb29fed9	-
regular	pre-seal-attempt-0/full-bodies-before/Holmakefile	3a28a3a6c8f7a5e3399ab9f8ff4cffb7b14e173d9fd3444e78e1290150dbad46	-
regular	pre-seal-attempt-0/full-bodies-before/PREDECLARATION.md	f11dccea7e517f765a8252d201d63a175c00f0dfe993eae33898d9212691f990	-
regular	pre-seal-attempt-0/full-bodies-before/active-calibration-schedule.tsv	81295e1c09a0c8fd5a046bea248cb2b1535ab1d37676b3daba33b8592f499f53	-
regular	pre-seal-attempt-0/full-bodies-before/artifact-manifest.sh	79e12c12ce1a91fe23d8687b5eec854774ca7a30689c03f8fa4aafca3dad3078	-
regular	pre-seal-attempt-0/full-bodies-before/calibration-schedule.tsv	9e416fe5841b149c3086411b3419a5d287bda9bf818aed1cb47ce72b283682d1	-
regular	pre-seal-attempt-0/full-bodies-before/collect-locked.sh	42a295496337e36542a1e40916548b54bd1f7db69fe3c54b3144cd157ed0d0ef	-
regular	pre-seal-attempt-0/full-bodies-before/endpoint-preflight.sh	3fdb6e43c01c50a15067e5ca22b4d6765b01af77bfc2a7e9d4f8a990c1896675	-
regular	pre-seal-attempt-0/full-bodies-before/generate-synthetic.awk	57a9e95bf2a90fd1d09dd6869d5557ef5a02bb7fb060ef9a287029355dc8c975	-
regular	pre-seal-attempt-0/full-bodies-before/mutate-fixture.awk	25e2b0415bc4294aa7587b3d632b22147ab2817c9c100217e97bd7cd0df18231	-
regular	pre-seal-attempt-0/full-bodies-before/prepare-and-freeze.sh	a18624028bdc15ebc835de95a286891bf9ee5607d5b43a4b8d714f8221617ed3	-
regular	pre-seal-attempt-0/full-bodies-before/run-target.sh	263e41467fc450263d9d090ac3ab6473d48f2c539f3e94306bbcd3aea516cfae	-
regular	pre-seal-attempt-0/full-bodies-before/schedule.tsv	f5b1cdc6231bfb55de30aab4c988bc176e2e0c0a86301fc7195859a850f22030	-
regular	pre-seal-attempt-0/full-bodies-before/selfcheck.sh	ff5ef5842c6702e60ddf176a233f5df59efb40630e76a3d4d4717bd3059fb9f4	-
regular	pre-seal-attempt-0/full-bodies-before/summarize-calibration.awk	3d52eb9b6465cfe1cb78e78cda04a0846d8fb2859d20bbe3fa47c5bb21d758a6	-
regular	pre-seal-attempt-0/full-bodies-before/summarize-target.awk	987bc1fd86f95305d32854753500a7bbc09436abf49f2fa024f6deed2bf1167d	-
regular	pre-seal-attempt-0/full-bodies-before/task7gactive.sml	a8b195fc710e4b1eb7702fc7abc04241e0887b12283c482415eb565f8b66e90b	-
regular	pre-seal-attempt-0/full-bodies-before/task7gcalibration.sml	9c2584a7878782a07911a26abefdb409fb3cd689911da5d3ec097f40eeeb9220	-
regular	pre-seal-attempt-0/full-bodies-before/task7gmeasurement.sml	6379a1c69b9e2bb87576e2dd9a9580c0a3881cd77ad0fc39d8f1a42440beeec8	-
regular	pre-seal-attempt-0/full-bodies-before/test-validators.sh	fc96d2c6dec7c180ca51d4dff3168e70564f79c98e2503e597a0b49285f8c596	-
regular	pre-seal-attempt-0/full-bodies-before/validate-calibration.awk	090d549ec3358852cc81038feae3adf95c918612821fa5e28e08142820c528df	-
regular	pre-seal-attempt-0/full-bodies-before/verify-summaries.sh	28c5c4afc0863f8a1ae2d240b2ee09202d8bf0c9347eb81eca7125908b9ba54c	-
regular	pre-seal-attempt-0/full-bodies-before/verify-target.awk	acb2c039eb6cea5c20e4ec150605fe6cd0f848a65733f9001f554d8fc6ef4791	-
regular	pre-seal-attempt-0/preflight-logs/agent-index-clean.log	e3b0c44298fc1c149afbf4c8996fb92427ae41e4649b934ca495991b7852b855	-
regular	pre-seal-attempt-0/preflight-logs/blast-build.log	6692701f6731d2948495d76dc02affbe773f9907e3e787e25fb68ca654940bf9	-
regular	pre-seal-attempt-0/preflight-logs/blast-clean.log	e3b0c44298fc1c149afbf4c8996fb92427ae41e4649b934ca495991b7852b855	-
regular	pre-seal-attempt-0/preflight-logs/blast-selftest.log	bf6ea34ca3427d1538f63379bcfbe7a79fe7865c9e2e5e1b1aec14d85e36639c	-
regular	pre-seal-attempt-0/preflight-logs/classical-build.log	a66c9dc30b5b9dc0d85076280820608cac6322ed6bfb9ee0bc009d9303ef5180	-
regular	pre-seal-attempt-0/preflight-logs/classical-clean.log	e3b0c44298fc1c149afbf4c8996fb92427ae41e4649b934ca495991b7852b855	-
regular	pre-seal-attempt-0/preflight-logs/classical-selftest.log	c6d69b8043575148b23d21333df0d381fb3e4cf93d480fc17985dfbef8656708	-
regular	pre-seal-attempt-0/preflight-logs/endpoint-synthetic.log	69e6b1730590dd6adacc51d2a4cb15aa0f64a2e69f03a354326e11c11290d621	-
regular	pre-seal-attempt-0/preflight-logs/harness-build.log	5e11612148cd6d985685c78e9916fef0d427cddbd21b61960c6485b12a2324de	-
regular	pre-seal-attempt-0/preflight-logs/harness-clean.log	e3b0c44298fc1c149afbf4c8996fb92427ae41e4649b934ca495991b7852b855	-
regular	pre-seal-attempt-0/preflight-logs/root-index-clean.log	e3b0c44298fc1c149afbf4c8996fb92427ae41e4649b934ca495991b7852b855	-
regular	pre-seal-attempt-0/preflight-logs/source-worktree-clean.log	e3b0c44298fc1c149afbf4c8996fb92427ae41e4649b934ca495991b7852b855	-
regular	pre-seal-attempt-0/preflight-logs/validator-synthetic.log	c81208b98d0eb5531ca88feface22457e9996208fe84ed09b78ab4096f22c26d	-
regular	pre-seal-attempt-0/preflight-status.tsv	2ea41f26e279d1c06bf7f49d6b0c348b6374b16392c03cfb62dd96bf990c9f33	-
regular	pre-seal-attempt-0/preflight-validator-logs/cal-depth.log	5a81798270802da2a55db1db3799349970f760445040197e4e3adcecd1f8caf6	-
regular	pre-seal-attempt-0/preflight-validator-logs/cal-elapsed.log	976f6b89e28b187cfd3ba75421380e8974abb78c2afdeea2576b5d9953d5531d	-
regular	pre-seal-attempt-0/preflight-validator-logs/cal-header.log	a9266c135c97e7051e1d25e5e3d8b7db3b0b3644607f2e2c153ab3a519a4a76d	-
regular	pre-seal-attempt-0/preflight-validator-logs/cal-mode.log	149960e24abb533343de0b939cb5e3ca50732b14d79df646a81a0b6c5c3b415b	-
regular	pre-seal-attempt-0/preflight-validator-logs/cal-problem.log	ca3b422b373850d26619362add253536d8c691e9be6f49b844c5b4b5ebad1f9a	-
regular	pre-seal-attempt-0/preflight-validator-logs/cal-reorder.log	149960e24abb533343de0b939cb5e3ca50732b14d79df646a81a0b6c5c3b415b	-
regular	pre-seal-attempt-0/preflight-validator-logs/cal-repetition.log	3b26632f3f6f973b956f856413f7e89776c8e3b61df75fa4c8b5805b40cf742c	-
regular	pre-seal-attempt-0/preflight-validator-logs/cal-schema.log	9e6d95204ef33631ec978cc0b46fd4abbbfaabbcce268bacb5a5f81e3ddc4311	-
regular	pre-seal-attempt-0/preflight-validator-logs/cal-signature_token.log	d159ce77ac4421edb34b122f0ab137200c5f104fcd3e8e68d85fceb1c91704a5	-
regular	pre-seal-attempt-0/preflight-validator-logs/cal-signature_width.log	c345d7bb26d1b61f4ceda1bfae8985c639c3adfba8cdcfdbd7d633d3e70bd090	-
regular	pre-seal-attempt-0/preflight-validator-logs/cal-valid.log	f436844c7f9b2267e6d4866d3a8e78c1ae7f5725169bbb13dc65260bbd7b7adb	-
regular	pre-seal-attempt-0/preflight-validator-logs/summary-drift.log	d85a853f9e44c6119c2cb44679abb7bc13d5aceee822fa7743ea99a0717c6e08	-
regular	pre-seal-attempt-0/preflight-validator-logs/summary-valid.log	cd1cb8c7d748d21dc1be301a46d9f2139669fd28815b10a40de08f30efe1b6d3	-
regular	pre-seal-attempt-0/preflight-validator-logs/target-append.log	0fcd653b1f457cf1f5a0fe59bcb9c0f7ac460830064bc31a5eb617b806556c0c	-
regular	pre-seal-attempt-0/preflight-validator-logs/target-attempt.log	4b90eff0df3479cef9f45249f02a964fb184621cefdfb2944b95ab3476114591	-
regular	pre-seal-attempt-0/preflight-validator-logs/target-depth.log	66c659b04886b99bcc750104a3cd542f075a4ed1bfab76b98a21ce41c18ca200	-
regular	pre-seal-attempt-0/preflight-validator-logs/target-depth_noncanonical.log	66c659b04886b99bcc750104a3cd542f075a4ed1bfab76b98a21ce41c18ca200	-
regular	pre-seal-attempt-0/preflight-validator-logs/target-duplicate_vocab.log	552f33a6ae485f84cd3e5a2f610b66a135d85ef17763fa2f091ade5fc6061cbe	-
regular	pre-seal-attempt-0/preflight-validator-logs/target-elapsed_grammar.log	ee443a794c3a5c06b38efa859bf5dfdb6e7476f537e60389d1953d66819c80b1	-
regular	pre-seal-attempt-0/preflight-validator-logs/target-elim_assumption.log	d2db681fd5b8ac4c05f24e45b2c5d850fe23e23f6b174dea55516d3eddeb2c19	-
regular	pre-seal-attempt-0/preflight-validator-logs/target-intro_assumption.log	fc11933941804ad9b84aaaa37feb797f2850dd693af6ba3fc77fc095ac074675	-
regular	pre-seal-attempt-0/preflight-validator-logs/target-major_intro.log	cece76d262c02db991aa74d1d017171856519d7f72c9535548d9babc0725723b	-
regular	pre-seal-attempt-0/preflight-validator-logs/target-minor_partition.log	02100eae3ec347c177fc7fc547a0d32dbfafde608005a82e4ad76299a8abadc7	-
regular	pre-seal-attempt-0/preflight-validator-logs/target-outer_boundary.log	faf4a72e0a6f002ff678bff67e53a1ab068bb32495ee9dad5969bd8d3aa688ae	-
regular	pre-seal-attempt-0/preflight-validator-logs/target-outer_partition.log	9a7b93dfc4a3efdcf94c50ab3e6942c386b4f165c1b4919c9100ba37054c9b54	-
regular	pre-seal-attempt-0/preflight-validator-logs/target-outer_phase.log	d9cd353a9f8ec68d7f89080122465e4369174004bbd2e4e0112a401de2bda454	-
regular	pre-seal-attempt-0/preflight-validator-logs/target-partial_context.log	4d4ef57b515124f8e5e196741c745b1405fb5fcc1cde031151a76eae10d8a40e	-
regular	pre-seal-attempt-0/preflight-validator-logs/target-problem.log	66c659b04886b99bcc750104a3cd542f075a4ed1bfab76b98a21ce41c18ca200	-
regular	pre-seal-attempt-0/preflight-validator-logs/target-problem_noncanonical.log	66c659b04886b99bcc750104a3cd542f075a4ed1bfab76b98a21ce41c18ca200	-
regular	pre-seal-attempt-0/preflight-validator-logs/target-rule_kind.log	af1de51f5d83e4dc1759fc998c2dc32a817e895cce24d985cfbba5a3b19dfb57	-
regular	pre-seal-attempt-0/preflight-validator-logs/target-safe_duplicate.log	41c05fb3f9143490349935821195a9aa56afab0ff54098df431753729897a670	-
regular	pre-seal-attempt-0/preflight-validator-logs/target-stats_width.log	d654605868dd2b5cc00a3845e232d3d1dc5907a60b114020bbb6637ca5488382	-
regular	pre-seal-attempt-0/preflight-validator-logs/target-status.log	c3dee8bca56e3ec3ef09d5882de38fbaa6d2441a44299f174269e0372b8249d0	-
regular	pre-seal-attempt-0/preflight-validator-logs/target-step_kind.log	fe7a389bd26b145a8adff2c5c80dc3d0b21aa3977c8c1214f0146e9768e6f4dc	-
regular	pre-seal-attempt-0/preflight-validator-logs/target-stored_boundary.log	df5019cb8d1dfdefa8c1971de9d23d8bfba6e36f65d00b038284c2fdaf93652e	-
regular	pre-seal-attempt-0/preflight-validator-logs/target-stored_phase.log	823505b637fcfab6056c8d0dbef4f1966a07f3f0a12db040addda82ac7d7e580	-
regular	pre-seal-attempt-0/preflight-validator-logs/target-valid.log	a039f4680fc6a78587f67fd6345c9a1e24ce9927ea10e896e5d722d317fbb86e	-
regular	pre-seal-attempt-0/prepare-and-freeze.diff	c17265a70a69d8e9c1ec2bcb39ce2e11ff1c48bcf26bb079ebfebcf75249f722	-
regular	pre-seal-attempt-0/validator-status.tsv	f2f6ecbe96f263647d036bc7c93169c569f35eb62892f0a0919d19dfdd1987a1	-
regular	preflight-logs/agent-index-clean.log	e3b0c44298fc1c149afbf4c8996fb92427ae41e4649b934ca495991b7852b855	-
regular	preflight-logs/blast-build.log	6692701f6731d2948495d76dc02affbe773f9907e3e787e25fb68ca654940bf9	-
regular	preflight-logs/blast-clean.log	e3b0c44298fc1c149afbf4c8996fb92427ae41e4649b934ca495991b7852b855	-
regular	preflight-logs/blast-selftest.log	bf6ea34ca3427d1538f63379bcfbe7a79fe7865c9e2e5e1b1aec14d85e36639c	-
regular	preflight-logs/classical-build.log	a66c9dc30b5b9dc0d85076280820608cac6322ed6bfb9ee0bc009d9303ef5180	-
regular	preflight-logs/classical-clean.log	e3b0c44298fc1c149afbf4c8996fb92427ae41e4649b934ca495991b7852b855	-
regular	preflight-logs/classical-selftest.log	c6d69b8043575148b23d21333df0d381fb3e4cf93d480fc17985dfbef8656708	-
regular	preflight-logs/endpoint-synthetic.log	69e6b1730590dd6adacc51d2a4cb15aa0f64a2e69f03a354326e11c11290d621	-
regular	preflight-logs/harness-build.log	5e11612148cd6d985685c78e9916fef0d427cddbd21b61960c6485b12a2324de	-
regular	preflight-logs/harness-clean.log	e3b0c44298fc1c149afbf4c8996fb92427ae41e4649b934ca495991b7852b855	-
regular	preflight-logs/root-index-clean.log	e3b0c44298fc1c149afbf4c8996fb92427ae41e4649b934ca495991b7852b855	-
regular	preflight-logs/source-worktree-clean.log	e3b0c44298fc1c149afbf4c8996fb92427ae41e4649b934ca495991b7852b855	-
regular	preflight-logs/validator-synthetic.log	c81208b98d0eb5531ca88feface22457e9996208fe84ed09b78ab4096f22c26d	-
regular	preflight-status.tsv	9c2115eb841614bc4cda69f0037e598033a47357931e870fecd980e94963ab8f	-
regular	preflight-validator-logs/cal-depth.log	5a81798270802da2a55db1db3799349970f760445040197e4e3adcecd1f8caf6	-
regular	preflight-validator-logs/cal-elapsed.log	976f6b89e28b187cfd3ba75421380e8974abb78c2afdeea2576b5d9953d5531d	-
regular	preflight-validator-logs/cal-header.log	a9266c135c97e7051e1d25e5e3d8b7db3b0b3644607f2e2c153ab3a519a4a76d	-
regular	preflight-validator-logs/cal-mode.log	149960e24abb533343de0b939cb5e3ca50732b14d79df646a81a0b6c5c3b415b	-
regular	preflight-validator-logs/cal-problem.log	ca3b422b373850d26619362add253536d8c691e9be6f49b844c5b4b5ebad1f9a	-
regular	preflight-validator-logs/cal-reorder.log	149960e24abb533343de0b939cb5e3ca50732b14d79df646a81a0b6c5c3b415b	-
regular	preflight-validator-logs/cal-repetition.log	3b26632f3f6f973b956f856413f7e89776c8e3b61df75fa4c8b5805b40cf742c	-
regular	preflight-validator-logs/cal-schema.log	9e6d95204ef33631ec978cc0b46fd4abbbfaabbcce268bacb5a5f81e3ddc4311	-
regular	preflight-validator-logs/cal-signature_token.log	d159ce77ac4421edb34b122f0ab137200c5f104fcd3e8e68d85fceb1c91704a5	-
regular	preflight-validator-logs/cal-signature_width.log	c345d7bb26d1b61f4ceda1bfae8985c639c3adfba8cdcfdbd7d633d3e70bd090	-
regular	preflight-validator-logs/cal-valid.log	f436844c7f9b2267e6d4866d3a8e78c1ae7f5725169bbb13dc65260bbd7b7adb	-
regular	preflight-validator-logs/summary-drift.log	d85a853f9e44c6119c2cb44679abb7bc13d5aceee822fa7743ea99a0717c6e08	-
regular	preflight-validator-logs/summary-valid.log	cd1cb8c7d748d21dc1be301a46d9f2139669fd28815b10a40de08f30efe1b6d3	-
regular	preflight-validator-logs/target-append.log	0fcd653b1f457cf1f5a0fe59bcb9c0f7ac460830064bc31a5eb617b806556c0c	-
regular	preflight-validator-logs/target-attempt.log	4b90eff0df3479cef9f45249f02a964fb184621cefdfb2944b95ab3476114591	-
regular	preflight-validator-logs/target-depth.log	66c659b04886b99bcc750104a3cd542f075a4ed1bfab76b98a21ce41c18ca200	-
regular	preflight-validator-logs/target-depth_noncanonical.log	66c659b04886b99bcc750104a3cd542f075a4ed1bfab76b98a21ce41c18ca200	-
regular	preflight-validator-logs/target-duplicate_vocab.log	552f33a6ae485f84cd3e5a2f610b66a135d85ef17763fa2f091ade5fc6061cbe	-
regular	preflight-validator-logs/target-elapsed_grammar.log	ee443a794c3a5c06b38efa859bf5dfdb6e7476f537e60389d1953d66819c80b1	-
regular	preflight-validator-logs/target-elim_assumption.log	d2db681fd5b8ac4c05f24e45b2c5d850fe23e23f6b174dea55516d3eddeb2c19	-
regular	preflight-validator-logs/target-intro_assumption.log	fc11933941804ad9b84aaaa37feb797f2850dd693af6ba3fc77fc095ac074675	-
regular	preflight-validator-logs/target-major_intro.log	cece76d262c02db991aa74d1d017171856519d7f72c9535548d9babc0725723b	-
regular	preflight-validator-logs/target-minor_partition.log	02100eae3ec347c177fc7fc547a0d32dbfafde608005a82e4ad76299a8abadc7	-
regular	preflight-validator-logs/target-outer_boundary.log	faf4a72e0a6f002ff678bff67e53a1ab068bb32495ee9dad5969bd8d3aa688ae	-
regular	preflight-validator-logs/target-outer_partition.log	9a7b93dfc4a3efdcf94c50ab3e6942c386b4f165c1b4919c9100ba37054c9b54	-
regular	preflight-validator-logs/target-outer_phase.log	d9cd353a9f8ec68d7f89080122465e4369174004bbd2e4e0112a401de2bda454	-
regular	preflight-validator-logs/target-partial_context.log	4d4ef57b515124f8e5e196741c745b1405fb5fcc1cde031151a76eae10d8a40e	-
regular	preflight-validator-logs/target-problem.log	66c659b04886b99bcc750104a3cd542f075a4ed1bfab76b98a21ce41c18ca200	-
regular	preflight-validator-logs/target-problem_noncanonical.log	66c659b04886b99bcc750104a3cd542f075a4ed1bfab76b98a21ce41c18ca200	-
regular	preflight-validator-logs/target-rule_kind.log	af1de51f5d83e4dc1759fc998c2dc32a817e895cce24d985cfbba5a3b19dfb57	-
regular	preflight-validator-logs/target-safe_duplicate.log	41c05fb3f9143490349935821195a9aa56afab0ff54098df431753729897a670	-
regular	preflight-validator-logs/target-stats_width.log	d654605868dd2b5cc00a3845e232d3d1dc5907a60b114020bbb6637ca5488382	-
regular	preflight-validator-logs/target-status.log	c3dee8bca56e3ec3ef09d5882de38fbaa6d2441a44299f174269e0372b8249d0	-
regular	preflight-validator-logs/target-step_kind.log	fe7a389bd26b145a8adff2c5c80dc3d0b21aa3977c8c1214f0146e9768e6f4dc	-
regular	preflight-validator-logs/target-stored_boundary.log	df5019cb8d1dfdefa8c1971de9d23d8bfba6e36f65d00b038284c2fdaf93652e	-
regular	preflight-validator-logs/target-stored_phase.log	823505b637fcfab6056c8d0dbef4f1966a07f3f0a12db040addda82ac7d7e580	-
regular	preflight-validator-logs/target-valid.log	a039f4680fc6a78587f67fd6345c9a1e24ce9927ea10e896e5d722d317fbb86e	-
regular	prepare-and-freeze.sh	716678ad2e0b6924285564bc63f66646ca96b8a630be162b93ac3a0cdb29fed9	-
regular	process-logs/active-1.stderr	e3b0c44298fc1c149afbf4c8996fb92427ae41e4649b934ca495991b7852b855	-
regular	process-logs/active-10.stderr	e3b0c44298fc1c149afbf4c8996fb92427ae41e4649b934ca495991b7852b855	-
regular	process-logs/active-2.stderr	e3b0c44298fc1c149afbf4c8996fb92427ae41e4649b934ca495991b7852b855	-
regular	process-logs/active-3.stderr	e3b0c44298fc1c149afbf4c8996fb92427ae41e4649b934ca495991b7852b855	-
regular	process-logs/active-4.stderr	e3b0c44298fc1c149afbf4c8996fb92427ae41e4649b934ca495991b7852b855	-
regular	process-logs/active-5.stderr	e3b0c44298fc1c149afbf4c8996fb92427ae41e4649b934ca495991b7852b855	-
regular	process-logs/active-6.stderr	e3b0c44298fc1c149afbf4c8996fb92427ae41e4649b934ca495991b7852b855	-
regular	process-logs/active-7.stderr	e3b0c44298fc1c149afbf4c8996fb92427ae41e4649b934ca495991b7852b855	-
regular	process-logs/active-8.stderr	e3b0c44298fc1c149afbf4c8996fb92427ae41e4649b934ca495991b7852b855	-
regular	process-logs/active-9.stderr	e3b0c44298fc1c149afbf4c8996fb92427ae41e4649b934ca495991b7852b855	-
regular	process-logs/representative-1.stderr	e3b0c44298fc1c149afbf4c8996fb92427ae41e4649b934ca495991b7852b855	-
regular	process-logs/representative-10.stderr	e3b0c44298fc1c149afbf4c8996fb92427ae41e4649b934ca495991b7852b855	-
regular	process-logs/representative-11.stderr	e3b0c44298fc1c149afbf4c8996fb92427ae41e4649b934ca495991b7852b855	-
regular	process-logs/representative-12.stderr	e3b0c44298fc1c149afbf4c8996fb92427ae41e4649b934ca495991b7852b855	-
regular	process-logs/representative-2.stderr	e3b0c44298fc1c149afbf4c8996fb92427ae41e4649b934ca495991b7852b855	-
regular	process-logs/representative-3.stderr	e3b0c44298fc1c149afbf4c8996fb92427ae41e4649b934ca495991b7852b855	-
regular	process-logs/representative-4.stderr	e3b0c44298fc1c149afbf4c8996fb92427ae41e4649b934ca495991b7852b855	-
regular	process-logs/representative-5.stderr	e3b0c44298fc1c149afbf4c8996fb92427ae41e4649b934ca495991b7852b855	-
regular	process-logs/representative-6.stderr	e3b0c44298fc1c149afbf4c8996fb92427ae41e4649b934ca495991b7852b855	-
regular	process-logs/representative-7.stderr	e3b0c44298fc1c149afbf4c8996fb92427ae41e4649b934ca495991b7852b855	-
regular	process-logs/representative-8.stderr	e3b0c44298fc1c149afbf4c8996fb92427ae41e4649b934ca495991b7852b855	-
regular	process-logs/representative-9.stderr	e3b0c44298fc1c149afbf4c8996fb92427ae41e4649b934ca495991b7852b855	-
regular	process-logs/target-1.stderr	b7334b09be76ba63319bc9fe9ad2f053ea6df539ee200a9e6bcb0ce402498bd2	-
regular	process-logs/target-1.stdout	e826a4f8f7ac444c2284df6856ee27ae711c4022f4749af0739136349ea7200c	-
regular	process-logs/target-2.stderr	8543a60a10a1f012e90c05b4e9eacbce4d008e6c73fbf862255132e167f5f758	-
regular	process-logs/target-2.stdout	68333370fc74fe6f34002e9e17e5d9952c595348b245de907c3ed964de204ec0	-
regular	process-logs/target-3.stderr	048eff5feeaad1e503d7044214bd6e750be67f8dcba59eb186e54a4166c8f91b	-
regular	process-logs/target-3.stdout	66f593bbbff8e06f7688689650c816895a7ee6775e783f9fbe55e1f700413460	-
regular	provenance/active-post-artifacts.tsv	fde1f6d4c07229153a8afa5e42334f10741c2693d7b82ac7f64e8d679c242122	-
regular	provenance/active-post-processes.txt	a880cadd607b812adb3f3607819b75d74f2ac6162dc8f92f32a2daaa78d36358	-
regular	provenance/active-pre-artifacts.tsv	fde1f6d4c07229153a8afa5e42334f10741c2693d7b82ac7f64e8d679c242122	-
regular	provenance/active-pre-processes.txt	cd6ff4fbaf0084dd347182dc5f672ebffd41c5d3b078dbd07180430d69a6f3a3	-
regular	provenance/input-verification.log	ba2c8fd901220f737c8866fdebb471131d37aa56f10e04876005404a972cb998	-
regular	provenance/representative-post-artifacts.tsv	fde1f6d4c07229153a8afa5e42334f10741c2693d7b82ac7f64e8d679c242122	-
regular	provenance/representative-post-processes.txt	97ffa556a15595b6709b41aa6c15b6abb79a4b3e10cce549a452488958ddb764	-
regular	provenance/representative-pre-artifacts.tsv	fde1f6d4c07229153a8afa5e42334f10741c2693d7b82ac7f64e8d679c242122	-
regular	provenance/representative-pre-processes.txt	fef2958f0655e7eff4cca637b151b6ea9f34a11065b9e164902be093404bb359	-
regular	provenance/target-post-artifacts.tsv	fde1f6d4c07229153a8afa5e42334f10741c2693d7b82ac7f64e8d679c242122	-
regular	provenance/target-post-processes.txt	0fc609458fa52fbb8d1fae38772554633fd0cfbf6007a13b3a8bb2a1d91f5f21	-
regular	provenance/target-pre-artifacts.tsv	fde1f6d4c07229153a8afa5e42334f10741c2693d7b82ac7f64e8d679c242122	-
regular	provenance/target-pre-processes.txt	0fe6baae153ba3d50c6bbd903a2b2b4393da8f7136b0591cc3243149898a95cc	-
regular	raw.tsv	44fd502b53c5ef6fe7bf28d909eb832ca410c32f61d8aec0eee0716d6e7ca8a3	-
regular	run-target.sh	263e41467fc450263d9d090ac3ab6473d48f2c539f3e94306bbcd3aea516cfae	-
regular	schedule.tsv	f5b1cdc6231bfb55de30aab4c988bc176e2e0c0a86301fc7195859a850f22030	-
regular	selfcheck.sh	ee57c6c932206c1ee906926d6d165ed233fc82f59adeaf4b327e908548424082	-
regular	summarize-calibration.awk	3d52eb9b6465cfe1cb78e78cda04a0846d8fb2859d20bbe3fa47c5bb21d758a6	-
regular	summarize-target.awk	987bc1fd86f95305d32854753500a7bbc09436abf49f2fa024f6deed2bf1167d	-
regular	summary-validation.log	cd1cb8c7d748d21dc1be301a46d9f2139669fd28815b10a40de08f30efe1b6d3	-
regular	target-summary.tsv	82218a5292c9b3b1c791a22282df2149a4170060a3c00159889a132a159f6dda	-
regular	target-validation.log	a039f4680fc6a78587f67fd6345c9a1e24ce9927ea10e896e5d722d317fbb86e	-
regular	task7gactive.exe	139795645c05605558eb27ddcaa3edeb9c7fe8a703c7536c491a35cb417a0a7e	-
regular	task7gactive.sml	a8b195fc710e4b1eb7702fc7abc04241e0887b12283c482415eb565f8b66e90b	-
regular	task7gcalibration.exe	66b40f6f4295fa3e5952de23b93a0476e1d6faef07edbe6f66ec13a07f338696	-
regular	task7gcalibration.sml	9c2584a7878782a07911a26abefdb409fb3cd689911da5d3ec097f40eeeb9220	-
regular	task7gmeasurement.exe	3b2a6a2ac5f0616162d64f34bf93a94250925daa9fd0899d023982d8bbc8f4e2	-
regular	task7gmeasurement.sml	6379a1c69b9e2bb87576e2dd9a9580c0a3881cd77ad0fc39d8f1a42440beeec8	-
regular	test-package-integrity.sh	f52780c6fb8d37b1f78518b6843f17f122fe0a9f79db22dd1436e59f63094537	-
regular	test-validators.sh	fc96d2c6dec7c180ca51d4dff3168e70564f79c98e2503e597a0b49285f8c596	-
regular	validate-calibration.awk	090d549ec3358852cc81038feae3adf95c918612821fa5e28e08142820c528df	-
regular	validate-scratch-path.sh	647ada28b3ace5d3a2446f5ddfc3109b847c649a277f0e5c0544f424b5f57d96	-
regular	validator-status.tsv	f2f6ecbe96f263647d036bc7c93169c569f35eb62892f0a0919d19dfdd1987a1	-
regular	verify-package-integrity.sh	f6a63926870c61ff8d9dd1c73904d4901951ff715648a22dc7c97e9985a18d2e	-
regular	verify-summaries.sh	28c5c4afc0863f8a1ae2d240b2ee09202d8bf0c9347eb81eca7125908b9ba54c	-
regular	verify-target.awk	acb2c039eb6cea5c20e4ec150605fe6cd0f848a65733f9001f554d8fc6ef4791	-
symlink	endpoint-preflight/child-task7gactive	-	/bin/sleep
symlink	endpoint-preflight/child-task7gcalibration	-	/bin/sleep
symlink	endpoint-preflight/child-task7gmeasurement	-	/bin/sleep
symlink	endpoint-preflight/wrapper-task7gactive	-	/bin/sleep
symlink	endpoint-preflight/wrapper-task7gcalibration	-	/bin/sleep
symlink	endpoint-preflight/wrapper-task7gmeasurement	-	/bin/sleep
symlink	pre-seal-attempt-0/endpoint-preflight/child-task7gactive	-	/bin/sleep
symlink	pre-seal-attempt-0/endpoint-preflight/child-task7gcalibration	-	/bin/sleep
symlink	pre-seal-attempt-0/endpoint-preflight/child-task7gmeasurement	-	/bin/sleep
symlink	pre-seal-attempt-0/endpoint-preflight/wrapper-task7gactive	-	/bin/sleep
symlink	pre-seal-attempt-0/endpoint-preflight/wrapper-task7gcalibration	-	/bin/sleep
symlink	pre-seal-attempt-0/endpoint-preflight/wrapper-task7gmeasurement	-	/bin/sleep
