protocol	sequence	repetition	problem	depth	mode	outcome	attempts	search_counters	reconstruction_signatures	clock_reads	summary_reads	trace_allocations	sequence_reads	diagnostic_elapsed	external_elapsed	supervisor_status	classification	containment
V10CAL2	1	1	38	4	A	none	22	2507169,624,140,210,233,4,322,5446	1862,290,290,57,113,57,0,6,4,31,10,6,31,28,4,0,0,0,0,1282,689,593,127,127,127,112,28,28,28,28,28,28,28,15,112,81,46;1862,290,290,57,113,57,0,6,4,31,10,6,31,28,4,0,0,0,0,1282,689,593,127,127,127,112,28,28,28,28,28,28,28,15,112,81,46;1862,290,290,57,113,57,0,6,4,31,10,6,31,28,4,0,0,0,0,1282,689,593,127,127,127,112,28,28,28,28,28,28,28,15,112,81,46;1862,290,290,57,113,57,0,6,4,31,10,6,31,28,4,0,0,0,0,1282,689,593,127,127,127,112,28,28,28,28,28,28,28,15,112,81,46;1862,290,290,57,113,57,0,6,4,31,10,6,31,28,4,0,0,0,0,1282,689,593,127,127,127,112,28,28,28,28,28,28,28,15,112,81,46;1862,290,290,57,113,57,0,6,4,31,10,6,31,28,4,0,0,0,0,1282,689,593,127,127,127,112,28,28,28,28,28,28,28,15,112,81,46;1862,290,290,57,113,57,0,6,4,31,10,6,31,28,4,0,0,0,0,1282,689,593,127,127,127,112,28,28,28,28,28,28,28,15,112,81,46;1862,290,290,57,113,57,0,6,4,31,10,6,31,28,4,0,0,0,0,1282,689,593,127,127,127,112,28,28,28,28,28,28,28,15,112,81,46;1862,290,290,57,113,57,0,6,4,31,10,6,31,28,4,0,0,0,0,1282,689,593,127,127,127,112,28,28,28,28,28,28,28,15,112,81,46;1862,290,290,57,113,57,0,6,4,31,10,6,31,28,4,0,0,0,0,1282,689,593,127,127,127,112,28,28,28,28,28,28,28,15,112,81,46;1862,290,290,57,113,57,0,6,4,31,10,6,31,28,4,0,0,0,0,1282,689,593,127,127,127,112,28,28,28,28,28,28,28,15,112,81,46;1862,290,290,57,113,57,0,6,4,31,10,6,31,28,4,0,0,0,0,1282,689,593,127,127,127,112,28,28,28,28,28,28,28,15,112,81,46;1862,290,290,57,113,57,0,6,4,31,10,6,31,28,4,0,0,0,0,1282,689,593,127,127,127,112,28,28,28,28,28,28,28,15,112,81,46;1862,290,290,57,113,57,0,6,4,31,10,6,31,28,4,0,0,0,0,1282,689,593,127,127,127,112,28,28,28,28,28,28,28,15,112,81,46;1862,290,290,57,113,57,0,6,4,31,10,6,31,28,4,0,0,0,0,1282,689,593,127,127,127,112,28,28,28,28,28,28,28,15,112,81,46;1862,290,290,57,113,57,0,6,4,31,10,6,31,28,4,0,0,0,0,1282,689,593,127,127,127,112,28,28,28,28,28,28,28,15,112,81,46;1862,290,290,57,113,57,0,6,4,31,10,6,31,28,4,0,0,0,0,1282,689,593,127,127,127,112,28,28,28,28,28,28,28,15,112,81,46;1862,290,290,57,113,57,0,6,4,31,10,6,31,28,4,0,0,0,0,1282,689,593,127,127,127,112,28,28,28,28,28,28,28,15,112,81,46;1862,290,290,57,113,57,0,6,4,31,10,6,31,28,4,0,0,0,0,1282,689,593,127,127,127,112,28,28,28,28,28,28,28,15,112,81,46;1862,290,290,57,113,57,0,6,4,31,10,6,31,28,4,0,0,0,0,1282,689,593,127,127,127,112,28,28,28,28,28,28,28,15,112,81,46;1862,290,290,57,113,57,0,6,4,31,10,6,31,28,4,0,0,0,0,1282,689,593,127,127,127,112,28,28,28,28,28,28,28,15,112,81,46;1862,290,290,57,113,57,0,6,4,31,10,6,31,28,4,0,0,0,0,1282,689,593,127,127,127,112,28,28,28,28,28,28,28,15,112,81,46	NA	NA	NA	NA	NA	9.256204405	0	completed_exit_0	cleared
V10CAL2	2	1	38	4	B	none	22	2507169,624,140,210,233,4,322,5446	1862,290,290,57,113,57,0,6,4,31,10,6,31,28,4,0,0,0,0,1282,689,593,127,127,127,112,28,28,28,28,28,28,28,15,112,81,46;1862,290,290,57,113,57,0,6,4,31,10,6,31,28,4,0,0,0,0,1282,689,593,127,127,127,112,28,28,28,28,28,28,28,15,112,81,46;1862,290,290,57,113,57,0,6,4,31,10,6,31,28,4,0,0,0,0,1282,689,593,127,127,127,112,28,28,28,28,28,28,28,15,112,81,46;1862,290,290,57,113,57,0,6,4,31,10,6,31,28,4,0,0,0,0,1282,689,593,127,127,127,112,28,28,28,28,28,28,28,15,112,81,46;1862,290,290,57,113,57,0,6,4,31,10,6,31,28,4,0,0,0,0,1282,689,593,127,127,127,112,28,28,28,28,28,28,28,15,112,81,46;1862,290,290,57,113,57,0,6,4,31,10,6,31,28,4,0,0,0,0,1282,689,593,127,127,127,112,28,28,28,28,28,28,28,15,112,81,46;1862,290,290,57,113,57,0,6,4,31,10,6,31,28,4,0,0,0,0,1282,689,593,127,127,127,112,28,28,28,28,28,28,28,15,112,81,46;1862,290,290,57,113,57,0,6,4,31,10,6,31,28,4,0,0,0,0,1282,689,593,127,127,127,112,28,28,28,28,28,28,28,15,112,81,46;1862,290,290,57,113,57,0,6,4,31,10,6,31,28,4,0,0,0,0,1282,689,593,127,127,127,112,28,28,28,28,28,28,28,15,112,81,46;1862,290,290,57,113,57,0,6,4,31,10,6,31,28,4,0,0,0,0,1282,689,593,127,127,127,112,28,28,28,28,28,28,28,15,112,81,46;1862,290,290,57,113,57,0,6,4,31,10,6,31,28,4,0,0,0,0,1282,689,593,127,127,127,112,28,28,28,28,28,28,28,15,112,81,46;1862,290,290,57,113,57,0,6,4,31,10,6,31,28,4,0,0,0,0,1282,689,593,127,127,127,112,28,28,28,28,28,28,28,15,112,81,46;1862,290,290,57,113,57,0,6,4,31,10,6,31,28,4,0,0,0,0,1282,689,593,127,127,127,112,28,28,28,28,28,28,28,15,112,81,46;1862,290,290,57,113,57,0,6,4,31,10,6,31,28,4,0,0,0,0,1282,689,593,127,127,127,112,28,28,28,28,28,28,28,15,112,81,46;1862,290,290,57,113,57,0,6,4,31,10,6,31,28,4,0,0,0,0,1282,689,593,127,127,127,112,28,28,28,28,28,28,28,15,112,81,46;1862,290,290,57,113,57,0,6,4,31,10,6,31,28,4,0,0,0,0,1282,689,593,127,127,127,112,28,28,28,28,28,28,28,15,112,81,46;1862,290,290,57,113,57,0,6,4,31,10,6,31,28,4,0,0,0,0,1282,689,593,127,127,127,112,28,28,28,28,28,28,28,15,112,81,46;1862,290,290,57,113,57,0,6,4,31,10,6,31,28,4,0,0,0,0,1282,689,593,127,127,127,112,28,28,28,28,28,28,28,15,112,81,46;1862,290,290,57,113,57,0,6,4,31,10,6,31,28,4,0,0,0,0,1282,689,593,127,127,127,112,28,28,28,28,28,28,28,15,112,81,46;1862,290,290,57,113,57,0,6,4,31,10,6,31,28,4,0,0,0,0,1282,689,593,127,127,127,112,28,28,28,28,28,28,28,15,112,81,46;1862,290,290,57,113,57,0,6,4,31,10,6,31,28,4,0,0,0,0,1282,689,593,127,127,127,112,28,28,28,28,28,28,28,15,112,81,46;1862,290,290,57,113,57,0,6,4,31,10,6,31,28,4,0,0,0,0,1282,689,593,127,127,127,112,28,28,28,28,28,28,28,15,112,81,46	NA	NA	NA	NA	1.616656000	9.238818162	0	completed_exit_0	cleared
V10CAL2	3	1	38	4	D	none	22	2507169,624,140,210,233,4,322,5446	1862,290,290,57,113,57,0,6,4,31,10,6,31,28,4,0,0,0,0,1282,689,593,127,127,127,112,28,28,28,28,28,28,28,15,112,81,46;1862,290,290,57,113,57,0,6,4,31,10,6,31,28,4,0,0,0,0,1282,689,593,127,127,127,112,28,28,28,28,28,28,28,15,112,81,46;1862,290,290,57,113,57,0,6,4,31,10,6,31,28,4,0,0,0,0,1282,689,593,127,127,127,112,28,28,28,28,28,28,28,15,112,81,46;1862,290,290,57,113,57,0,6,4,31,10,6,31,28,4,0,0,0,0,1282,689,593,127,127,127,112,28,28,28,28,28,28,28,15,112,81,46;1862,290,290,57,113,57,0,6,4,31,10,6,31,28,4,0,0,0,0,1282,689,593,127,127,127,112,28,28,28,28,28,28,28,15,112,81,46;1862,290,290,57,113,57,0,6,4,31,10,6,31,28,4,0,0,0,0,1282,689,593,127,127,127,112,28,28,28,28,28,28,28,15,112,81,46;1862,290,290,57,113,57,0,6,4,31,10,6,31,28,4,0,0,0,0,1282,689,593,127,127,127,112,28,28,28,28,28,28,28,15,112,81,46;1862,290,290,57,113,57,0,6,4,31,10,6,31,28,4,0,0,0,0,1282,689,593,127,127,127,112,28,28,28,28,28,28,28,15,112,81,46;1862,290,290,57,113,57,0,6,4,31,10,6,31,28,4,0,0,0,0,1282,689,593,127,127,127,112,28,28,28,28,28,28,28,15,112,81,46;1862,290,290,57,113,57,0,6,4,31,10,6,31,28,4,0,0,0,0,1282,689,593,127,127,127,112,28,28,28,28,28,28,28,15,112,81,46;1862,290,290,57,113,57,0,6,4,31,10,6,31,28,4,0,0,0,0,1282,689,593,127,127,127,112,28,28,28,28,28,28,28,15,112,81,46;1862,290,290,57,113,57,0,6,4,31,10,6,31,28,4,0,0,0,0,1282,689,593,127,127,127,112,28,28,28,28,28,28,28,15,112,81,46;1862,290,290,57,113,57,0,6,4,31,10,6,31,28,4,0,0,0,0,1282,689,593,127,127,127,112,28,28,28,28,28,28,28,15,112,81,46;1862,290,290,57,113,57,0,6,4,31,10,6,31,28,4,0,0,0,0,1282,689,593,127,127,127,112,28,28,28,28,28,28,28,15,112,81,46;1862,290,290,57,113,57,0,6,4,31,10,6,31,28,4,0,0,0,0,1282,689,593,127,127,127,112,28,28,28,28,28,28,28,15,112,81,46;1862,290,290,57,113,57,0,6,4,31,10,6,31,28,4,0,0,0,0,1282,689,593,127,127,127,112,28,28,28,28,28,28,28,15,112,81,46;1862,290,290,57,113,57,0,6,4,31,10,6,31,28,4,0,0,0,0,1282,689,593,127,127,127,112,28,28,28,28,28,28,28,15,112,81,46;1862,290,290,57,113,57,0,6,4,31,10,6,31,28,4,0,0,0,0,1282,689,593,127,127,127,112,28,28,28,28,28,28,28,15,112,81,46;1862,290,290,57,113,57,0,6,4,31,10,6,31,28,4,0,0,0,0,1282,689,593,127,127,127,112,28,28,28,28,28,28,28,15,112,81,46;1862,290,290,57,113,57,0,6,4,31,10,6,31,28,4,0,0,0,0,1282,689,593,127,127,127,112,28,28,28,28,28,28,28,15,112,81,46;1862,290,290,57,113,57,0,6,4,31,10,6,31,28,4,0,0,0,0,1282,689,593,127,127,127,112,28,28,28,28,28,28,28,15,112,81,46;1862,290,290,57,113,57,0,6,4,31,10,6,31,28,4,0,0,0,0,1282,689,593,127,127,127,112,28,28,28,28,28,28,28,15,112,81,46	61486260	22	0	0	8.692291000	16.313418262	0	completed_exit_0	cleared
V10CAL2	4	1	38	4	C	none	22	2507169,624,140,210,233,4,322,5446	1862,290,290,57,113,57,0,6,4,31,10,6,31,28,4,0,0,0,0,1282,689,593,127,127,127,112,28,28,28,28,28,28,28,15,112,81,46;1862,290,290,57,113,57,0,6,4,31,10,6,31,28,4,0,0,0,0,1282,689,593,127,127,127,112,28,28,28,28,28,28,28,15,112,81,46;1862,290,290,57,113,57,0,6,4,31,10,6,31,28,4,0,0,0,0,1282,689,593,127,127,127,112,28,28,28,28,28,28,28,15,112,81,46;1862,290,290,57,113,57,0,6,4,31,10,6,31,28,4,0,0,0,0,1282,689,593,127,127,127,112,28,28,28,28,28,28,28,15,112,81,46;1862,290,290,57,113,57,0,6,4,31,10,6,31,28,4,0,0,0,0,1282,689,593,127,127,127,112,28,28,28,28,28,28,28,15,112,81,46;1862,290,290,57,113,57,0,6,4,31,10,6,31,28,4,0,0,0,0,1282,689,593,127,127,127,112,28,28,28,28,28,28,28,15,112,81,46;1862,290,290,57,113,57,0,6,4,31,10,6,31,28,4,0,0,0,0,1282,689,593,127,127,127,112,28,28,28,28,28,28,28,15,112,81,46;1862,290,290,57,113,57,0,6,4,31,10,6,31,28,4,0,0,0,0,1282,689,593,127,127,127,112,28,28,28,28,28,28,28,15,112,81,46;1862,290,290,57,113,57,0,6,4,31,10,6,31,28,4,0,0,0,0,1282,689,593,127,127,127,112,28,28,28,28,28,28,28,15,112,81,46;1862,290,290,57,113,57,0,6,4,31,10,6,31,28,4,0,0,0,0,1282,689,593,127,127,127,112,28,28,28,28,28,28,28,15,112,81,46;1862,290,290,57,113,57,0,6,4,31,10,6,31,28,4,0,0,0,0,1282,689,593,127,127,127,112,28,28,28,28,28,28,28,15,112,81,46;1862,290,290,57,113,57,0,6,4,31,10,6,31,28,4,0,0,0,0,1282,689,593,127,127,127,112,28,28,28,28,28,28,28,15,112,81,46;1862,290,290,57,113,57,0,6,4,31,10,6,31,28,4,0,0,0,0,1282,689,593,127,127,127,112,28,28,28,28,28,28,28,15,112,81,46;1862,290,290,57,113,57,0,6,4,31,10,6,31,28,4,0,0,0,0,1282,689,593,127,127,127,112,28,28,28,28,28,28,28,15,112,81,46;1862,290,290,57,113,57,0,6,4,31,10,6,31,28,4,0,0,0,0,1282,689,593,127,127,127,112,28,28,28,28,28,28,28,15,112,81,46;1862,290,290,57,113,57,0,6,4,31,10,6,31,28,4,0,0,0,0,1282,689,593,127,127,127,112,28,28,28,28,28,28,28,15,112,81,46;1862,290,290,57,113,57,0,6,4,31,10,6,31,28,4,0,0,0,0,1282,689,593,127,127,127,112,28,28,28,28,28,28,28,15,112,81,46;1862,290,290,57,113,57,0,6,4,31,10,6,31,28,4,0,0,0,0,1282,689,593,127,127,127,112,28,28,28,28,28,28,28,15,112,81,46;1862,290,290,57,113,57,0,6,4,31,10,6,31,28,4,0,0,0,0,1282,689,593,127,127,127,112,28,28,28,28,28,28,28,15,112,81,46;1862,290,290,57,113,57,0,6,4,31,10,6,31,28,4,0,0,0,0,1282,689,593,127,127,127,112,28,28,28,28,28,28,28,15,112,81,46;1862,290,290,57,113,57,0,6,4,31,10,6,31,28,4,0,0,0,0,1282,689,593,127,127,127,112,28,28,28,28,28,28,28,15,112,81,46;1862,290,290,57,113,57,0,6,4,31,10,6,31,28,4,0,0,0,0,1282,689,593,127,127,127,112,28,28,28,28,28,28,28,15,112,81,46	61486260	22	0	0	NA	11.032296289	0	completed_exit_0	cleared
V10CAL2	5	2	38	4	B	none	22	2507169,624,140,210,233,4,322,5446	1862,290,290,57,113,57,0,6,4,31,10,6,31,28,4,0,0,0,0,1282,689,593,127,127,127,112,28,28,28,28,28,28,28,15,112,81,46;1862,290,290,57,113,57,0,6,4,31,10,6,31,28,4,0,0,0,0,1282,689,593,127,127,127,112,28,28,28,28,28,28,28,15,112,81,46;1862,290,290,57,113,57,0,6,4,31,10,6,31,28,4,0,0,0,0,1282,689,593,127,127,127,112,28,28,28,28,28,28,28,15,112,81,46;1862,290,290,57,113,57,0,6,4,31,10,6,31,28,4,0,0,0,0,1282,689,593,127,127,127,112,28,28,28,28,28,28,28,15,112,81,46;1862,290,290,57,113,57,0,6,4,31,10,6,31,28,4,0,0,0,0,1282,689,593,127,127,127,112,28,28,28,28,28,28,28,15,112,81,46;1862,290,290,57,113,57,0,6,4,31,10,6,31,28,4,0,0,0,0,1282,689,593,127,127,127,112,28,28,28,28,28,28,28,15,112,81,46;1862,290,290,57,113,57,0,6,4,31,10,6,31,28,4,0,0,0,0,1282,689,593,127,127,127,112,28,28,28,28,28,28,28,15,112,81,46;1862,290,290,57,113,57,0,6,4,31,10,6,31,28,4,0,0,0,0,1282,689,593,127,127,127,112,28,28,28,28,28,28,28,15,112,81,46;1862,290,290,57,113,57,0,6,4,31,10,6,31,28,4,0,0,0,0,1282,689,593,127,127,127,112,28,28,28,28,28,28,28,15,112,81,46;1862,290,290,57,113,57,0,6,4,31,10,6,31,28,4,0,0,0,0,1282,689,593,127,127,127,112,28,28,28,28,28,28,28,15,112,81,46;1862,290,290,57,113,57,0,6,4,31,10,6,31,28,4,0,0,0,0,1282,689,593,127,127,127,112,28,28,28,28,28,28,28,15,112,81,46;1862,290,290,57,113,57,0,6,4,31,10,6,31,28,4,0,0,0,0,1282,689,593,127,127,127,112,28,28,28,28,28,28,28,15,112,81,46;1862,290,290,57,113,57,0,6,4,31,10,6,31,28,4,0,0,0,0,1282,689,593,127,127,127,112,28,28,28,28,28,28,28,15,112,81,46;1862,290,290,57,113,57,0,6,4,31,10,6,31,28,4,0,0,0,0,1282,689,593,127,127,127,112,28,28,28,28,28,28,28,15,112,81,46;1862,290,290,57,113,57,0,6,4,31,10,6,31,28,4,0,0,0,0,1282,689,593,127,127,127,112,28,28,28,28,28,28,28,15,112,81,46;1862,290,290,57,113,57,0,6,4,31,10,6,31,28,4,0,0,0,0,1282,689,593,127,127,127,112,28,28,28,28,28,28,28,15,112,81,46;1862,290,290,57,113,57,0,6,4,31,10,6,31,28,4,0,0,0,0,1282,689,593,127,127,127,112,28,28,28,28,28,28,28,15,112,81,46;1862,290,290,57,113,57,0,6,4,31,10,6,31,28,4,0,0,0,0,1282,689,593,127,127,127,112,28,28,28,28,28,28,28,15,112,81,46;1862,290,290,57,113,57,0,6,4,31,10,6,31,28,4,0,0,0,0,1282,689,593,127,127,127,112,28,28,28,28,28,28,28,15,112,81,46;1862,290,290,57,113,57,0,6,4,31,10,6,31,28,4,0,0,0,0,1282,689,593,127,127,127,112,28,28,28,28,28,28,28,15,112,81,46;1862,290,290,57,113,57,0,6,4,31,10,6,31,28,4,0,0,0,0,1282,689,593,127,127,127,112,28,28,28,28,28,28,28,15,112,81,46;1862,290,290,57,113,57,0,6,4,31,10,6,31,28,4,0,0,0,0,1282,689,593,127,127,127,112,28,28,28,28,28,28,28,15,112,81,46	NA	NA	NA	NA	1.630706000	9.222740375	0	completed_exit_0	cleared
V10CAL2	6	2	38	4	C	none	22	2507169,624,140,210,233,4,322,5446	1862,290,290,57,113,57,0,6,4,31,10,6,31,28,4,0,0,0,0,1282,689,593,127,127,127,112,28,28,28,28,28,28,28,15,112,81,46;1862,290,290,57,113,57,0,6,4,31,10,6,31,28,4,0,0,0,0,1282,689,593,127,127,127,112,28,28,28,28,28,28,28,15,112,81,46;1862,290,290,57,113,57,0,6,4,31,10,6,31,28,4,0,0,0,0,1282,689,593,127,127,127,112,28,28,28,28,28,28,28,15,112,81,46;1862,290,290,57,113,57,0,6,4,31,10,6,31,28,4,0,0,0,0,1282,689,593,127,127,127,112,28,28,28,28,28,28,28,15,112,81,46;1862,290,290,57,113,57,0,6,4,31,10,6,31,28,4,0,0,0,0,1282,689,593,127,127,127,112,28,28,28,28,28,28,28,15,112,81,46;1862,290,290,57,113,57,0,6,4,31,10,6,31,28,4,0,0,0,0,1282,689,593,127,127,127,112,28,28,28,28,28,28,28,15,112,81,46;1862,290,290,57,113,57,0,6,4,31,10,6,31,28,4,0,0,0,0,1282,689,593,127,127,127,112,28,28,28,28,28,28,28,15,112,81,46;1862,290,290,57,113,57,0,6,4,31,10,6,31,28,4,0,0,0,0,1282,689,593,127,127,127,112,28,28,28,28,28,28,28,15,112,81,46;1862,290,290,57,113,57,0,6,4,31,10,6,31,28,4,0,0,0,0,1282,689,593,127,127,127,112,28,28,28,28,28,28,28,15,112,81,46;1862,290,290,57,113,57,0,6,4,31,10,6,31,28,4,0,0,0,0,1282,689,593,127,127,127,112,28,28,28,28,28,28,28,15,112,81,46;1862,290,290,57,113,57,0,6,4,31,10,6,31,28,4,0,0,0,0,1282,689,593,127,127,127,112,28,28,28,28,28,28,28,15,112,81,46;1862,290,290,57,113,57,0,6,4,31,10,6,31,28,4,0,0,0,0,1282,689,593,127,127,127,112,28,28,28,28,28,28,28,15,112,81,46;1862,290,290,57,113,57,0,6,4,31,10,6,31,28,4,0,0,0,0,1282,689,593,127,127,127,112,28,28,28,28,28,28,28,15,112,81,46;1862,290,290,57,113,57,0,6,4,31,10,6,31,28,4,0,0,0,0,1282,689,593,127,127,127,112,28,28,28,28,28,28,28,15,112,81,46;1862,290,290,57,113,57,0,6,4,31,10,6,31,28,4,0,0,0,0,1282,689,593,127,127,127,112,28,28,28,28,28,28,28,15,112,81,46;1862,290,290,57,113,57,0,6,4,31,10,6,31,28,4,0,0,0,0,1282,689,593,127,127,127,112,28,28,28,28,28,28,28,15,112,81,46;1862,290,290,57,113,57,0,6,4,31,10,6,31,28,4,0,0,0,0,1282,689,593,127,127,127,112,28,28,28,28,28,28,28,15,112,81,46;1862,290,290,57,113,57,0,6,4,31,10,6,31,28,4,0,0,0,0,1282,689,593,127,127,127,112,28,28,28,28,28,28,28,15,112,81,46;1862,290,290,57,113,57,0,6,4,31,10,6,31,28,4,0,0,0,0,1282,689,593,127,127,127,112,28,28,28,28,28,28,28,15,112,81,46;1862,290,290,57,113,57,0,6,4,31,10,6,31,28,4,0,0,0,0,1282,689,593,127,127,127,112,28,28,28,28,28,28,28,15,112,81,46;1862,290,290,57,113,57,0,6,4,31,10,6,31,28,4,0,0,0,0,1282,689,593,127,127,127,112,28,28,28,28,28,28,28,15,112,81,46;1862,290,290,57,113,57,0,6,4,31,10,6,31,28,4,0,0,0,0,1282,689,593,127,127,127,112,28,28,28,28,28,28,28,15,112,81,46	61486260	22	0	0	NA	11.007321802	0	completed_exit_0	cleared
V10CAL2	7	2	38	4	A	none	22	2507169,624,140,210,233,4,322,5446	1862,290,290,57,113,57,0,6,4,31,10,6,31,28,4,0,0,0,0,1282,689,593,127,127,127,112,28,28,28,28,28,28,28,15,112,81,46;1862,290,290,57,113,57,0,6,4,31,10,6,31,28,4,0,0,0,0,1282,689,593,127,127,127,112,28,28,28,28,28,28,28,15,112,81,46;1862,290,290,57,113,57,0,6,4,31,10,6,31,28,4,0,0,0,0,1282,689,593,127,127,127,112,28,28,28,28,28,28,28,15,112,81,46;1862,290,290,57,113,57,0,6,4,31,10,6,31,28,4,0,0,0,0,1282,689,593,127,127,127,112,28,28,28,28,28,28,28,15,112,81,46;1862,290,290,57,113,57,0,6,4,31,10,6,31,28,4,0,0,0,0,1282,689,593,127,127,127,112,28,28,28,28,28,28,28,15,112,81,46;1862,290,290,57,113,57,0,6,4,31,10,6,31,28,4,0,0,0,0,1282,689,593,127,127,127,112,28,28,28,28,28,28,28,15,112,81,46;1862,290,290,57,113,57,0,6,4,31,10,6,31,28,4,0,0,0,0,1282,689,593,127,127,127,112,28,28,28,28,28,28,28,15,112,81,46;1862,290,290,57,113,57,0,6,4,31,10,6,31,28,4,0,0,0,0,1282,689,593,127,127,127,112,28,28,28,28,28,28,28,15,112,81,46;1862,290,290,57,113,57,0,6,4,31,10,6,31,28,4,0,0,0,0,1282,689,593,127,127,127,112,28,28,28,28,28,28,28,15,112,81,46;1862,290,290,57,113,57,0,6,4,31,10,6,31,28,4,0,0,0,0,1282,689,593,127,127,127,112,28,28,28,28,28,28,28,15,112,81,46;1862,290,290,57,113,57,0,6,4,31,10,6,31,28,4,0,0,0,0,1282,689,593,127,127,127,112,28,28,28,28,28,28,28,15,112,81,46;1862,290,290,57,113,57,0,6,4,31,10,6,31,28,4,0,0,0,0,1282,689,593,127,127,127,112,28,28,28,28,28,28,28,15,112,81,46;1862,290,290,57,113,57,0,6,4,31,10,6,31,28,4,0,0,0,0,1282,689,593,127,127,127,112,28,28,28,28,28,28,28,15,112,81,46;1862,290,290,57,113,57,0,6,4,31,10,6,31,28,4,0,0,0,0,1282,689,593,127,127,127,112,28,28,28,28,28,28,28,15,112,81,46;1862,290,290,57,113,57,0,6,4,31,10,6,31,28,4,0,0,0,0,1282,689,593,127,127,127,112,28,28,28,28,28,28,28,15,112,81,46;1862,290,290,57,113,57,0,6,4,31,10,6,31,28,4,0,0,0,0,1282,689,593,127,127,127,112,28,28,28,28,28,28,28,15,112,81,46;1862,290,290,57,113,57,0,6,4,31,10,6,31,28,4,0,0,0,0,1282,689,593,127,127,127,112,28,28,28,28,28,28,28,15,112,81,46;1862,290,290,57,113,57,0,6,4,31,10,6,31,28,4,0,0,0,0,1282,689,593,127,127,127,112,28,28,28,28,28,28,28,15,112,81,46;1862,290,290,57,113,57,0,6,4,31,10,6,31,28,4,0,0,0,0,1282,689,593,127,127,127,112,28,28,28,28,28,28,28,15,112,81,46;1862,290,290,57,113,57,0,6,4,31,10,6,31,28,4,0,0,0,0,1282,689,593,127,127,127,112,28,28,28,28,28,28,28,15,112,81,46;1862,290,290,57,113,57,0,6,4,31,10,6,31,28,4,0,0,0,0,1282,689,593,127,127,127,112,28,28,28,28,28,28,28,15,112,81,46;1862,290,290,57,113,57,0,6,4,31,10,6,31,28,4,0,0,0,0,1282,689,593,127,127,127,112,28,28,28,28,28,28,28,15,112,81,46	NA	NA	NA	NA	NA	9.189388257	0	completed_exit_0	cleared
V10CAL2	8	2	38	4	D	none	22	2507169,624,140,210,233,4,322,5446	1862,290,290,57,113,57,0,6,4,31,10,6,31,28,4,0,0,0,0,1282,689,593,127,127,127,112,28,28,28,28,28,28,28,15,112,81,46;1862,290,290,57,113,57,0,6,4,31,10,6,31,28,4,0,0,0,0,1282,689,593,127,127,127,112,28,28,28,28,28,28,28,15,112,81,46;1862,290,290,57,113,57,0,6,4,31,10,6,31,28,4,0,0,0,0,1282,689,593,127,127,127,112,28,28,28,28,28,28,28,15,112,81,46;1862,290,290,57,113,57,0,6,4,31,10,6,31,28,4,0,0,0,0,1282,689,593,127,127,127,112,28,28,28,28,28,28,28,15,112,81,46;1862,290,290,57,113,57,0,6,4,31,10,6,31,28,4,0,0,0,0,1282,689,593,127,127,127,112,28,28,28,28,28,28,28,15,112,81,46;1862,290,290,57,113,57,0,6,4,31,10,6,31,28,4,0,0,0,0,1282,689,593,127,127,127,112,28,28,28,28,28,28,28,15,112,81,46;1862,290,290,57,113,57,0,6,4,31,10,6,31,28,4,0,0,0,0,1282,689,593,127,127,127,112,28,28,28,28,28,28,28,15,112,81,46;1862,290,290,57,113,57,0,6,4,31,10,6,31,28,4,0,0,0,0,1282,689,593,127,127,127,112,28,28,28,28,28,28,28,15,112,81,46;1862,290,290,57,113,57,0,6,4,31,10,6,31,28,4,0,0,0,0,1282,689,593,127,127,127,112,28,28,28,28,28,28,28,15,112,81,46;1862,290,290,57,113,57,0,6,4,31,10,6,31,28,4,0,0,0,0,1282,689,593,127,127,127,112,28,28,28,28,28,28,28,15,112,81,46;1862,290,290,57,113,57,0,6,4,31,10,6,31,28,4,0,0,0,0,1282,689,593,127,127,127,112,28,28,28,28,28,28,28,15,112,81,46;1862,290,290,57,113,57,0,6,4,31,10,6,31,28,4,0,0,0,0,1282,689,593,127,127,127,112,28,28,28,28,28,28,28,15,112,81,46;1862,290,290,57,113,57,0,6,4,31,10,6,31,28,4,0,0,0,0,1282,689,593,127,127,127,112,28,28,28,28,28,28,28,15,112,81,46;1862,290,290,57,113,57,0,6,4,31,10,6,31,28,4,0,0,0,0,1282,689,593,127,127,127,112,28,28,28,28,28,28,28,15,112,81,46;1862,290,290,57,113,57,0,6,4,31,10,6,31,28,4,0,0,0,0,1282,689,593,127,127,127,112,28,28,28,28,28,28,28,15,112,81,46;1862,290,290,57,113,57,0,6,4,31,10,6,31,28,4,0,0,0,0,1282,689,593,127,127,127,112,28,28,28,28,28,28,28,15,112,81,46;1862,290,290,57,113,57,0,6,4,31,10,6,31,28,4,0,0,0,0,1282,689,593,127,127,127,112,28,28,28,28,28,28,28,15,112,81,46;1862,290,290,57,113,57,0,6,4,31,10,6,31,28,4,0,0,0,0,1282,689,593,127,127,127,112,28,28,28,28,28,28,28,15,112,81,46;1862,290,290,57,113,57,0,6,4,31,10,6,31,28,4,0,0,0,0,1282,689,593,127,127,127,112,28,28,28,28,28,28,28,15,112,81,46;1862,290,290,57,113,57,0,6,4,31,10,6,31,28,4,0,0,0,0,1282,689,593,127,127,127,112,28,28,28,28,28,28,28,15,112,81,46;1862,290,290,57,113,57,0,6,4,31,10,6,31,28,4,0,0,0,0,1282,689,593,127,127,127,112,28,28,28,28,28,28,28,15,112,81,46;1862,290,290,57,113,57,0,6,4,31,10,6,31,28,4,0,0,0,0,1282,689,593,127,127,127,112,28,28,28,28,28,28,28,15,112,81,46	61486260	22	0	0	8.696246000	16.328550573	0	completed_exit_0	cleared
V10CAL2	9	3	38	4	C	none	22	2507169,624,140,210,233,4,322,5446	1862,290,290,57,113,57,0,6,4,31,10,6,31,28,4,0,0,0,0,1282,689,593,127,127,127,112,28,28,28,28,28,28,28,15,112,81,46;1862,290,290,57,113,57,0,6,4,31,10,6,31,28,4,0,0,0,0,1282,689,593,127,127,127,112,28,28,28,28,28,28,28,15,112,81,46;1862,290,290,57,113,57,0,6,4,31,10,6,31,28,4,0,0,0,0,1282,689,593,127,127,127,112,28,28,28,28,28,28,28,15,112,81,46;1862,290,290,57,113,57,0,6,4,31,10,6,31,28,4,0,0,0,0,1282,689,593,127,127,127,112,28,28,28,28,28,28,28,15,112,81,46;1862,290,290,57,113,57,0,6,4,31,10,6,31,28,4,0,0,0,0,1282,689,593,127,127,127,112,28,28,28,28,28,28,28,15,112,81,46;1862,290,290,57,113,57,0,6,4,31,10,6,31,28,4,0,0,0,0,1282,689,593,127,127,127,112,28,28,28,28,28,28,28,15,112,81,46;1862,290,290,57,113,57,0,6,4,31,10,6,31,28,4,0,0,0,0,1282,689,593,127,127,127,112,28,28,28,28,28,28,28,15,112,81,46;1862,290,290,57,113,57,0,6,4,31,10,6,31,28,4,0,0,0,0,1282,689,593,127,127,127,112,28,28,28,28,28,28,28,15,112,81,46;1862,290,290,57,113,57,0,6,4,31,10,6,31,28,4,0,0,0,0,1282,689,593,127,127,127,112,28,28,28,28,28,28,28,15,112,81,46;1862,290,290,57,113,57,0,6,4,31,10,6,31,28,4,0,0,0,0,1282,689,593,127,127,127,112,28,28,28,28,28,28,28,15,112,81,46;1862,290,290,57,113,57,0,6,4,31,10,6,31,28,4,0,0,0,0,1282,689,593,127,127,127,112,28,28,28,28,28,28,28,15,112,81,46;1862,290,290,57,113,57,0,6,4,31,10,6,31,28,4,0,0,0,0,1282,689,593,127,127,127,112,28,28,28,28,28,28,28,15,112,81,46;1862,290,290,57,113,57,0,6,4,31,10,6,31,28,4,0,0,0,0,1282,689,593,127,127,127,112,28,28,28,28,28,28,28,15,112,81,46;1862,290,290,57,113,57,0,6,4,31,10,6,31,28,4,0,0,0,0,1282,689,593,127,127,127,112,28,28,28,28,28,28,28,15,112,81,46;1862,290,290,57,113,57,0,6,4,31,10,6,31,28,4,0,0,0,0,1282,689,593,127,127,127,112,28,28,28,28,28,28,28,15,112,81,46;1862,290,290,57,113,57,0,6,4,31,10,6,31,28,4,0,0,0,0,1282,689,593,127,127,127,112,28,28,28,28,28,28,28,15,112,81,46;1862,290,290,57,113,57,0,6,4,31,10,6,31,28,4,0,0,0,0,1282,689,593,127,127,127,112,28,28,28,28,28,28,28,15,112,81,46;1862,290,290,57,113,57,0,6,4,31,10,6,31,28,4,0,0,0,0,1282,689,593,127,127,127,112,28,28,28,28,28,28,28,15,112,81,46;1862,290,290,57,113,57,0,6,4,31,10,6,31,28,4,0,0,0,0,1282,689,593,127,127,127,112,28,28,28,28,28,28,28,15,112,81,46;1862,290,290,57,113,57,0,6,4,31,10,6,31,28,4,0,0,0,0,1282,689,593,127,127,127,112,28,28,28,28,28,28,28,15,112,81,46;1862,290,290,57,113,57,0,6,4,31,10,6,31,28,4,0,0,0,0,1282,689,593,127,127,127,112,28,28,28,28,28,28,28,15,112,81,46;1862,290,290,57,113,57,0,6,4,31,10,6,31,28,4,0,0,0,0,1282,689,593,127,127,127,112,28,28,28,28,28,28,28,15,112,81,46	61486260	22	0	0	NA	11.027194246	0	completed_exit_0	cleared
V10CAL2	10	3	38	4	D	none	22	2507169,624,140,210,233,4,322,5446	1862,290,290,57,113,57,0,6,4,31,10,6,31,28,4,0,0,0,0,1282,689,593,127,127,127,112,28,28,28,28,28,28,28,15,112,81,46;1862,290,290,57,113,57,0,6,4,31,10,6,31,28,4,0,0,0,0,1282,689,593,127,127,127,112,28,28,28,28,28,28,28,15,112,81,46;1862,290,290,57,113,57,0,6,4,31,10,6,31,28,4,0,0,0,0,1282,689,593,127,127,127,112,28,28,28,28,28,28,28,15,112,81,46;1862,290,290,57,113,57,0,6,4,31,10,6,31,28,4,0,0,0,0,1282,689,593,127,127,127,112,28,28,28,28,28,28,28,15,112,81,46;1862,290,290,57,113,57,0,6,4,31,10,6,31,28,4,0,0,0,0,1282,689,593,127,127,127,112,28,28,28,28,28,28,28,15,112,81,46;1862,290,290,57,113,57,0,6,4,31,10,6,31,28,4,0,0,0,0,1282,689,593,127,127,127,112,28,28,28,28,28,28,28,15,112,81,46;1862,290,290,57,113,57,0,6,4,31,10,6,31,28,4,0,0,0,0,1282,689,593,127,127,127,112,28,28,28,28,28,28,28,15,112,81,46;1862,290,290,57,113,57,0,6,4,31,10,6,31,28,4,0,0,0,0,1282,689,593,127,127,127,112,28,28,28,28,28,28,28,15,112,81,46;1862,290,290,57,113,57,0,6,4,31,10,6,31,28,4,0,0,0,0,1282,689,593,127,127,127,112,28,28,28,28,28,28,28,15,112,81,46;1862,290,290,57,113,57,0,6,4,31,10,6,31,28,4,0,0,0,0,1282,689,593,127,127,127,112,28,28,28,28,28,28,28,15,112,81,46;1862,290,290,57,113,57,0,6,4,31,10,6,31,28,4,0,0,0,0,1282,689,593,127,127,127,112,28,28,28,28,28,28,28,15,112,81,46;1862,290,290,57,113,57,0,6,4,31,10,6,31,28,4,0,0,0,0,1282,689,593,127,127,127,112,28,28,28,28,28,28,28,15,112,81,46;1862,290,290,57,113,57,0,6,4,31,10,6,31,28,4,0,0,0,0,1282,689,593,127,127,127,112,28,28,28,28,28,28,28,15,112,81,46;1862,290,290,57,113,57,0,6,4,31,10,6,31,28,4,0,0,0,0,1282,689,593,127,127,127,112,28,28,28,28,28,28,28,15,112,81,46;1862,290,290,57,113,57,0,6,4,31,10,6,31,28,4,0,0,0,0,1282,689,593,127,127,127,112,28,28,28,28,28,28,28,15,112,81,46;1862,290,290,57,113,57,0,6,4,31,10,6,31,28,4,0,0,0,0,1282,689,593,127,127,127,112,28,28,28,28,28,28,28,15,112,81,46;1862,290,290,57,113,57,0,6,4,31,10,6,31,28,4,0,0,0,0,1282,689,593,127,127,127,112,28,28,28,28,28,28,28,15,112,81,46;1862,290,290,57,113,57,0,6,4,31,10,6,31,28,4,0,0,0,0,1282,689,593,127,127,127,112,28,28,28,28,28,28,28,15,112,81,46;1862,290,290,57,113,57,0,6,4,31,10,6,31,28,4,0,0,0,0,1282,689,593,127,127,127,112,28,28,28,28,28,28,28,15,112,81,46;1862,290,290,57,113,57,0,6,4,31,10,6,31,28,4,0,0,0,0,1282,689,593,127,127,127,112,28,28,28,28,28,28,28,15,112,81,46;1862,290,290,57,113,57,0,6,4,31,10,6,31,28,4,0,0,0,0,1282,689,593,127,127,127,112,28,28,28,28,28,28,28,15,112,81,46;1862,290,290,57,113,57,0,6,4,31,10,6,31,28,4,0,0,0,0,1282,689,593,127,127,127,112,28,28,28,28,28,28,28,15,112,81,46	61486260	22	0	0	8.684330000	16.296102393	0	completed_exit_0	cleared
V10CAL2	11	3	38	4	B	none	22	2507169,624,140,210,233,4,322,5446	1862,290,290,57,113,57,0,6,4,31,10,6,31,28,4,0,0,0,0,1282,689,593,127,127,127,112,28,28,28,28,28,28,28,15,112,81,46;1862,290,290,57,113,57,0,6,4,31,10,6,31,28,4,0,0,0,0,1282,689,593,127,127,127,112,28,28,28,28,28,28,28,15,112,81,46;1862,290,290,57,113,57,0,6,4,31,10,6,31,28,4,0,0,0,0,1282,689,593,127,127,127,112,28,28,28,28,28,28,28,15,112,81,46;1862,290,290,57,113,57,0,6,4,31,10,6,31,28,4,0,0,0,0,1282,689,593,127,127,127,112,28,28,28,28,28,28,28,15,112,81,46;1862,290,290,57,113,57,0,6,4,31,10,6,31,28,4,0,0,0,0,1282,689,593,127,127,127,112,28,28,28,28,28,28,28,15,112,81,46;1862,290,290,57,113,57,0,6,4,31,10,6,31,28,4,0,0,0,0,1282,689,593,127,127,127,112,28,28,28,28,28,28,28,15,112,81,46;1862,290,290,57,113,57,0,6,4,31,10,6,31,28,4,0,0,0,0,1282,689,593,127,127,127,112,28,28,28,28,28,28,28,15,112,81,46;1862,290,290,57,113,57,0,6,4,31,10,6,31,28,4,0,0,0,0,1282,689,593,127,127,127,112,28,28,28,28,28,28,28,15,112,81,46;1862,290,290,57,113,57,0,6,4,31,10,6,31,28,4,0,0,0,0,1282,689,593,127,127,127,112,28,28,28,28,28,28,28,15,112,81,46;1862,290,290,57,113,57,0,6,4,31,10,6,31,28,4,0,0,0,0,1282,689,593,127,127,127,112,28,28,28,28,28,28,28,15,112,81,46;1862,290,290,57,113,57,0,6,4,31,10,6,31,28,4,0,0,0,0,1282,689,593,127,127,127,112,28,28,28,28,28,28,28,15,112,81,46;1862,290,290,57,113,57,0,6,4,31,10,6,31,28,4,0,0,0,0,1282,689,593,127,127,127,112,28,28,28,28,28,28,28,15,112,81,46;1862,290,290,57,113,57,0,6,4,31,10,6,31,28,4,0,0,0,0,1282,689,593,127,127,127,112,28,28,28,28,28,28,28,15,112,81,46;1862,290,290,57,113,57,0,6,4,31,10,6,31,28,4,0,0,0,0,1282,689,593,127,127,127,112,28,28,28,28,28,28,28,15,112,81,46;1862,290,290,57,113,57,0,6,4,31,10,6,31,28,4,0,0,0,0,1282,689,593,127,127,127,112,28,28,28,28,28,28,28,15,112,81,46;1862,290,290,57,113,57,0,6,4,31,10,6,31,28,4,0,0,0,0,1282,689,593,127,127,127,112,28,28,28,28,28,28,28,15,112,81,46;1862,290,290,57,113,57,0,6,4,31,10,6,31,28,4,0,0,0,0,1282,689,593,127,127,127,112,28,28,28,28,28,28,28,15,112,81,46;1862,290,290,57,113,57,0,6,4,31,10,6,31,28,4,0,0,0,0,1282,689,593,127,127,127,112,28,28,28,28,28,28,28,15,112,81,46;1862,290,290,57,113,57,0,6,4,31,10,6,31,28,4,0,0,0,0,1282,689,593,127,127,127,112,28,28,28,28,28,28,28,15,112,81,46;1862,290,290,57,113,57,0,6,4,31,10,6,31,28,4,0,0,0,0,1282,689,593,127,127,127,112,28,28,28,28,28,28,28,15,112,81,46;1862,290,290,57,113,57,0,6,4,31,10,6,31,28,4,0,0,0,0,1282,689,593,127,127,127,112,28,28,28,28,28,28,28,15,112,81,46;1862,290,290,57,113,57,0,6,4,31,10,6,31,28,4,0,0,0,0,1282,689,593,127,127,127,112,28,28,28,28,28,28,28,15,112,81,46	NA	NA	NA	NA	1.614604000	9.237345589	0	completed_exit_0	cleared
V10CAL2	12	3	38	4	A	none	22	2507169,624,140,210,233,4,322,5446	1862,290,290,57,113,57,0,6,4,31,10,6,31,28,4,0,0,0,0,1282,689,593,127,127,127,112,28,28,28,28,28,28,28,15,112,81,46;1862,290,290,57,113,57,0,6,4,31,10,6,31,28,4,0,0,0,0,1282,689,593,127,127,127,112,28,28,28,28,28,28,28,15,112,81,46;1862,290,290,57,113,57,0,6,4,31,10,6,31,28,4,0,0,0,0,1282,689,593,127,127,127,112,28,28,28,28,28,28,28,15,112,81,46;1862,290,290,57,113,57,0,6,4,31,10,6,31,28,4,0,0,0,0,1282,689,593,127,127,127,112,28,28,28,28,28,28,28,15,112,81,46;1862,290,290,57,113,57,0,6,4,31,10,6,31,28,4,0,0,0,0,1282,689,593,127,127,127,112,28,28,28,28,28,28,28,15,112,81,46;1862,290,290,57,113,57,0,6,4,31,10,6,31,28,4,0,0,0,0,1282,689,593,127,127,127,112,28,28,28,28,28,28,28,15,112,81,46;1862,290,290,57,113,57,0,6,4,31,10,6,31,28,4,0,0,0,0,1282,689,593,127,127,127,112,28,28,28,28,28,28,28,15,112,81,46;1862,290,290,57,113,57,0,6,4,31,10,6,31,28,4,0,0,0,0,1282,689,593,127,127,127,112,28,28,28,28,28,28,28,15,112,81,46;1862,290,290,57,113,57,0,6,4,31,10,6,31,28,4,0,0,0,0,1282,689,593,127,127,127,112,28,28,28,28,28,28,28,15,112,81,46;1862,290,290,57,113,57,0,6,4,31,10,6,31,28,4,0,0,0,0,1282,689,593,127,127,127,112,28,28,28,28,28,28,28,15,112,81,46;1862,290,290,57,113,57,0,6,4,31,10,6,31,28,4,0,0,0,0,1282,689,593,127,127,127,112,28,28,28,28,28,28,28,15,112,81,46;1862,290,290,57,113,57,0,6,4,31,10,6,31,28,4,0,0,0,0,1282,689,593,127,127,127,112,28,28,28,28,28,28,28,15,112,81,46;1862,290,290,57,113,57,0,6,4,31,10,6,31,28,4,0,0,0,0,1282,689,593,127,127,127,112,28,28,28,28,28,28,28,15,112,81,46;1862,290,290,57,113,57,0,6,4,31,10,6,31,28,4,0,0,0,0,1282,689,593,127,127,127,112,28,28,28,28,28,28,28,15,112,81,46;1862,290,290,57,113,57,0,6,4,31,10,6,31,28,4,0,0,0,0,1282,689,593,127,127,127,112,28,28,28,28,28,28,28,15,112,81,46;1862,290,290,57,113,57,0,6,4,31,10,6,31,28,4,0,0,0,0,1282,689,593,127,127,127,112,28,28,28,28,28,28,28,15,112,81,46;1862,290,290,57,113,57,0,6,4,31,10,6,31,28,4,0,0,0,0,1282,689,593,127,127,127,112,28,28,28,28,28,28,28,15,112,81,46;1862,290,290,57,113,57,0,6,4,31,10,6,31,28,4,0,0,0,0,1282,689,593,127,127,127,112,28,28,28,28,28,28,28,15,112,81,46;1862,290,290,57,113,57,0,6,4,31,10,6,31,28,4,0,0,0,0,1282,689,593,127,127,127,112,28,28,28,28,28,28,28,15,112,81,46;1862,290,290,57,113,57,0,6,4,31,10,6,31,28,4,0,0,0,0,1282,689,593,127,127,127,112,28,28,28,28,28,28,28,15,112,81,46;1862,290,290,57,113,57,0,6,4,31,10,6,31,28,4,0,0,0,0,1282,689,593,127,127,127,112,28,28,28,28,28,28,28,15,112,81,46;1862,290,290,57,113,57,0,6,4,31,10,6,31,28,4,0,0,0,0,1282,689,593,127,127,127,112,28,28,28,28,28,28,28,15,112,81,46	NA	NA	NA	NA	NA	9.208371093	0	completed_exit_0	cleared
V10CAL2	13	4	38	4	D	none	22	2507169,624,140,210,233,4,322,5446	1862,290,290,57,113,57,0,6,4,31,10,6,31,28,4,0,0,0,0,1282,689,593,127,127,127,112,28,28,28,28,28,28,28,15,112,81,46;1862,290,290,57,113,57,0,6,4,31,10,6,31,28,4,0,0,0,0,1282,689,593,127,127,127,112,28,28,28,28,28,28,28,15,112,81,46;1862,290,290,57,113,57,0,6,4,31,10,6,31,28,4,0,0,0,0,1282,689,593,127,127,127,112,28,28,28,28,28,28,28,15,112,81,46;1862,290,290,57,113,57,0,6,4,31,10,6,31,28,4,0,0,0,0,1282,689,593,127,127,127,112,28,28,28,28,28,28,28,15,112,81,46;1862,290,290,57,113,57,0,6,4,31,10,6,31,28,4,0,0,0,0,1282,689,593,127,127,127,112,28,28,28,28,28,28,28,15,112,81,46;1862,290,290,57,113,57,0,6,4,31,10,6,31,28,4,0,0,0,0,1282,689,593,127,127,127,112,28,28,28,28,28,28,28,15,112,81,46;1862,290,290,57,113,57,0,6,4,31,10,6,31,28,4,0,0,0,0,1282,689,593,127,127,127,112,28,28,28,28,28,28,28,15,112,81,46;1862,290,290,57,113,57,0,6,4,31,10,6,31,28,4,0,0,0,0,1282,689,593,127,127,127,112,28,28,28,28,28,28,28,15,112,81,46;1862,290,290,57,113,57,0,6,4,31,10,6,31,28,4,0,0,0,0,1282,689,593,127,127,127,112,28,28,28,28,28,28,28,15,112,81,46;1862,290,290,57,113,57,0,6,4,31,10,6,31,28,4,0,0,0,0,1282,689,593,127,127,127,112,28,28,28,28,28,28,28,15,112,81,46;1862,290,290,57,113,57,0,6,4,31,10,6,31,28,4,0,0,0,0,1282,689,593,127,127,127,112,28,28,28,28,28,28,28,15,112,81,46;1862,290,290,57,113,57,0,6,4,31,10,6,31,28,4,0,0,0,0,1282,689,593,127,127,127,112,28,28,28,28,28,28,28,15,112,81,46;1862,290,290,57,113,57,0,6,4,31,10,6,31,28,4,0,0,0,0,1282,689,593,127,127,127,112,28,28,28,28,28,28,28,15,112,81,46;1862,290,290,57,113,57,0,6,4,31,10,6,31,28,4,0,0,0,0,1282,689,593,127,127,127,112,28,28,28,28,28,28,28,15,112,81,46;1862,290,290,57,113,57,0,6,4,31,10,6,31,28,4,0,0,0,0,1282,689,593,127,127,127,112,28,28,28,28,28,28,28,15,112,81,46;1862,290,290,57,113,57,0,6,4,31,10,6,31,28,4,0,0,0,0,1282,689,593,127,127,127,112,28,28,28,28,28,28,28,15,112,81,46;1862,290,290,57,113,57,0,6,4,31,10,6,31,28,4,0,0,0,0,1282,689,593,127,127,127,112,28,28,28,28,28,28,28,15,112,81,46;1862,290,290,57,113,57,0,6,4,31,10,6,31,28,4,0,0,0,0,1282,689,593,127,127,127,112,28,28,28,28,28,28,28,15,112,81,46;1862,290,290,57,113,57,0,6,4,31,10,6,31,28,4,0,0,0,0,1282,689,593,127,127,127,112,28,28,28,28,28,28,28,15,112,81,46;1862,290,290,57,113,57,0,6,4,31,10,6,31,28,4,0,0,0,0,1282,689,593,127,127,127,112,28,28,28,28,28,28,28,15,112,81,46;1862,290,290,57,113,57,0,6,4,31,10,6,31,28,4,0,0,0,0,1282,689,593,127,127,127,112,28,28,28,28,28,28,28,15,112,81,46;1862,290,290,57,113,57,0,6,4,31,10,6,31,28,4,0,0,0,0,1282,689,593,127,127,127,112,28,28,28,28,28,28,28,15,112,81,46	61486260	22	0	0	8.725028000	16.328066360	0	completed_exit_0	cleared
V10CAL2	14	4	38	4	A	none	22	2507169,624,140,210,233,4,322,5446	1862,290,290,57,113,57,0,6,4,31,10,6,31,28,4,0,0,0,0,1282,689,593,127,127,127,112,28,28,28,28,28,28,28,15,112,81,46;1862,290,290,57,113,57,0,6,4,31,10,6,31,28,4,0,0,0,0,1282,689,593,127,127,127,112,28,28,28,28,28,28,28,15,112,81,46;1862,290,290,57,113,57,0,6,4,31,10,6,31,28,4,0,0,0,0,1282,689,593,127,127,127,112,28,28,28,28,28,28,28,15,112,81,46;1862,290,290,57,113,57,0,6,4,31,10,6,31,28,4,0,0,0,0,1282,689,593,127,127,127,112,28,28,28,28,28,28,28,15,112,81,46;1862,290,290,57,113,57,0,6,4,31,10,6,31,28,4,0,0,0,0,1282,689,593,127,127,127,112,28,28,28,28,28,28,28,15,112,81,46;1862,290,290,57,113,57,0,6,4,31,10,6,31,28,4,0,0,0,0,1282,689,593,127,127,127,112,28,28,28,28,28,28,28,15,112,81,46;1862,290,290,57,113,57,0,6,4,31,10,6,31,28,4,0,0,0,0,1282,689,593,127,127,127,112,28,28,28,28,28,28,28,15,112,81,46;1862,290,290,57,113,57,0,6,4,31,10,6,31,28,4,0,0,0,0,1282,689,593,127,127,127,112,28,28,28,28,28,28,28,15,112,81,46;1862,290,290,57,113,57,0,6,4,31,10,6,31,28,4,0,0,0,0,1282,689,593,127,127,127,112,28,28,28,28,28,28,28,15,112,81,46;1862,290,290,57,113,57,0,6,4,31,10,6,31,28,4,0,0,0,0,1282,689,593,127,127,127,112,28,28,28,28,28,28,28,15,112,81,46;1862,290,290,57,113,57,0,6,4,31,10,6,31,28,4,0,0,0,0,1282,689,593,127,127,127,112,28,28,28,28,28,28,28,15,112,81,46;1862,290,290,57,113,57,0,6,4,31,10,6,31,28,4,0,0,0,0,1282,689,593,127,127,127,112,28,28,28,28,28,28,28,15,112,81,46;1862,290,290,57,113,57,0,6,4,31,10,6,31,28,4,0,0,0,0,1282,689,593,127,127,127,112,28,28,28,28,28,28,28,15,112,81,46;1862,290,290,57,113,57,0,6,4,31,10,6,31,28,4,0,0,0,0,1282,689,593,127,127,127,112,28,28,28,28,28,28,28,15,112,81,46;1862,290,290,57,113,57,0,6,4,31,10,6,31,28,4,0,0,0,0,1282,689,593,127,127,127,112,28,28,28,28,28,28,28,15,112,81,46;1862,290,290,57,113,57,0,6,4,31,10,6,31,28,4,0,0,0,0,1282,689,593,127,127,127,112,28,28,28,28,28,28,28,15,112,81,46;1862,290,290,57,113,57,0,6,4,31,10,6,31,28,4,0,0,0,0,1282,689,593,127,127,127,112,28,28,28,28,28,28,28,15,112,81,46;1862,290,290,57,113,57,0,6,4,31,10,6,31,28,4,0,0,0,0,1282,689,593,127,127,127,112,28,28,28,28,28,28,28,15,112,81,46;1862,290,290,57,113,57,0,6,4,31,10,6,31,28,4,0,0,0,0,1282,689,593,127,127,127,112,28,28,28,28,28,28,28,15,112,81,46;1862,290,290,57,113,57,0,6,4,31,10,6,31,28,4,0,0,0,0,1282,689,593,127,127,127,112,28,28,28,28,28,28,28,15,112,81,46;1862,290,290,57,113,57,0,6,4,31,10,6,31,28,4,0,0,0,0,1282,689,593,127,127,127,112,28,28,28,28,28,28,28,15,112,81,46;1862,290,290,57,113,57,0,6,4,31,10,6,31,28,4,0,0,0,0,1282,689,593,127,127,127,112,28,28,28,28,28,28,28,15,112,81,46	NA	NA	NA	NA	NA	9.188868747	0	completed_exit_0	cleared
V10CAL2	15	4	38	4	C	none	22	2507169,624,140,210,233,4,322,5446	1862,290,290,57,113,57,0,6,4,31,10,6,31,28,4,0,0,0,0,1282,689,593,127,127,127,112,28,28,28,28,28,28,28,15,112,81,46;1862,290,290,57,113,57,0,6,4,31,10,6,31,28,4,0,0,0,0,1282,689,593,127,127,127,112,28,28,28,28,28,28,28,15,112,81,46;1862,290,290,57,113,57,0,6,4,31,10,6,31,28,4,0,0,0,0,1282,689,593,127,127,127,112,28,28,28,28,28,28,28,15,112,81,46;1862,290,290,57,113,57,0,6,4,31,10,6,31,28,4,0,0,0,0,1282,689,593,127,127,127,112,28,28,28,28,28,28,28,15,112,81,46;1862,290,290,57,113,57,0,6,4,31,10,6,31,28,4,0,0,0,0,1282,689,593,127,127,127,112,28,28,28,28,28,28,28,15,112,81,46;1862,290,290,57,113,57,0,6,4,31,10,6,31,28,4,0,0,0,0,1282,689,593,127,127,127,112,28,28,28,28,28,28,28,15,112,81,46;1862,290,290,57,113,57,0,6,4,31,10,6,31,28,4,0,0,0,0,1282,689,593,127,127,127,112,28,28,28,28,28,28,28,15,112,81,46;1862,290,290,57,113,57,0,6,4,31,10,6,31,28,4,0,0,0,0,1282,689,593,127,127,127,112,28,28,28,28,28,28,28,15,112,81,46;1862,290,290,57,113,57,0,6,4,31,10,6,31,28,4,0,0,0,0,1282,689,593,127,127,127,112,28,28,28,28,28,28,28,15,112,81,46;1862,290,290,57,113,57,0,6,4,31,10,6,31,28,4,0,0,0,0,1282,689,593,127,127,127,112,28,28,28,28,28,28,28,15,112,81,46;1862,290,290,57,113,57,0,6,4,31,10,6,31,28,4,0,0,0,0,1282,689,593,127,127,127,112,28,28,28,28,28,28,28,15,112,81,46;1862,290,290,57,113,57,0,6,4,31,10,6,31,28,4,0,0,0,0,1282,689,593,127,127,127,112,28,28,28,28,28,28,28,15,112,81,46;1862,290,290,57,113,57,0,6,4,31,10,6,31,28,4,0,0,0,0,1282,689,593,127,127,127,112,28,28,28,28,28,28,28,15,112,81,46;1862,290,290,57,113,57,0,6,4,31,10,6,31,28,4,0,0,0,0,1282,689,593,127,127,127,112,28,28,28,28,28,28,28,15,112,81,46;1862,290,290,57,113,57,0,6,4,31,10,6,31,28,4,0,0,0,0,1282,689,593,127,127,127,112,28,28,28,28,28,28,28,15,112,81,46;1862,290,290,57,113,57,0,6,4,31,10,6,31,28,4,0,0,0,0,1282,689,593,127,127,127,112,28,28,28,28,28,28,28,15,112,81,46;1862,290,290,57,113,57,0,6,4,31,10,6,31,28,4,0,0,0,0,1282,689,593,127,127,127,112,28,28,28,28,28,28,28,15,112,81,46;1862,290,290,57,113,57,0,6,4,31,10,6,31,28,4,0,0,0,0,1282,689,593,127,127,127,112,28,28,28,28,28,28,28,15,112,81,46;1862,290,290,57,113,57,0,6,4,31,10,6,31,28,4,0,0,0,0,1282,689,593,127,127,127,112,28,28,28,28,28,28,28,15,112,81,46;1862,290,290,57,113,57,0,6,4,31,10,6,31,28,4,0,0,0,0,1282,689,593,127,127,127,112,28,28,28,28,28,28,28,15,112,81,46;1862,290,290,57,113,57,0,6,4,31,10,6,31,28,4,0,0,0,0,1282,689,593,127,127,127,112,28,28,28,28,28,28,28,15,112,81,46;1862,290,290,57,113,57,0,6,4,31,10,6,31,28,4,0,0,0,0,1282,689,593,127,127,127,112,28,28,28,28,28,28,28,15,112,81,46	61486260	22	0	0	NA	11.032468973	0	completed_exit_0	cleared
V10CAL2	16	4	38	4	B	none	22	2507169,624,140,210,233,4,322,5446	1862,290,290,57,113,57,0,6,4,31,10,6,31,28,4,0,0,0,0,1282,689,593,127,127,127,112,28,28,28,28,28,28,28,15,112,81,46;1862,290,290,57,113,57,0,6,4,31,10,6,31,28,4,0,0,0,0,1282,689,593,127,127,127,112,28,28,28,28,28,28,28,15,112,81,46;1862,290,290,57,113,57,0,6,4,31,10,6,31,28,4,0,0,0,0,1282,689,593,127,127,127,112,28,28,28,28,28,28,28,15,112,81,46;1862,290,290,57,113,57,0,6,4,31,10,6,31,28,4,0,0,0,0,1282,689,593,127,127,127,112,28,28,28,28,28,28,28,15,112,81,46;1862,290,290,57,113,57,0,6,4,31,10,6,31,28,4,0,0,0,0,1282,689,593,127,127,127,112,28,28,28,28,28,28,28,15,112,81,46;1862,290,290,57,113,57,0,6,4,31,10,6,31,28,4,0,0,0,0,1282,689,593,127,127,127,112,28,28,28,28,28,28,28,15,112,81,46;1862,290,290,57,113,57,0,6,4,31,10,6,31,28,4,0,0,0,0,1282,689,593,127,127,127,112,28,28,28,28,28,28,28,15,112,81,46;1862,290,290,57,113,57,0,6,4,31,10,6,31,28,4,0,0,0,0,1282,689,593,127,127,127,112,28,28,28,28,28,28,28,15,112,81,46;1862,290,290,57,113,57,0,6,4,31,10,6,31,28,4,0,0,0,0,1282,689,593,127,127,127,112,28,28,28,28,28,28,28,15,112,81,46;1862,290,290,57,113,57,0,6,4,31,10,6,31,28,4,0,0,0,0,1282,689,593,127,127,127,112,28,28,28,28,28,28,28,15,112,81,46;1862,290,290,57,113,57,0,6,4,31,10,6,31,28,4,0,0,0,0,1282,689,593,127,127,127,112,28,28,28,28,28,28,28,15,112,81,46;1862,290,290,57,113,57,0,6,4,31,10,6,31,28,4,0,0,0,0,1282,689,593,127,127,127,112,28,28,28,28,28,28,28,15,112,81,46;1862,290,290,57,113,57,0,6,4,31,10,6,31,28,4,0,0,0,0,1282,689,593,127,127,127,112,28,28,28,28,28,28,28,15,112,81,46;1862,290,290,57,113,57,0,6,4,31,10,6,31,28,4,0,0,0,0,1282,689,593,127,127,127,112,28,28,28,28,28,28,28,15,112,81,46;1862,290,290,57,113,57,0,6,4,31,10,6,31,28,4,0,0,0,0,1282,689,593,127,127,127,112,28,28,28,28,28,28,28,15,112,81,46;1862,290,290,57,113,57,0,6,4,31,10,6,31,28,4,0,0,0,0,1282,689,593,127,127,127,112,28,28,28,28,28,28,28,15,112,81,46;1862,290,290,57,113,57,0,6,4,31,10,6,31,28,4,0,0,0,0,1282,689,593,127,127,127,112,28,28,28,28,28,28,28,15,112,81,46;1862,290,290,57,113,57,0,6,4,31,10,6,31,28,4,0,0,0,0,1282,689,593,127,127,127,112,28,28,28,28,28,28,28,15,112,81,46;1862,290,290,57,113,57,0,6,4,31,10,6,31,28,4,0,0,0,0,1282,689,593,127,127,127,112,28,28,28,28,28,28,28,15,112,81,46;1862,290,290,57,113,57,0,6,4,31,10,6,31,28,4,0,0,0,0,1282,689,593,127,127,127,112,28,28,28,28,28,28,28,15,112,81,46;1862,290,290,57,113,57,0,6,4,31,10,6,31,28,4,0,0,0,0,1282,689,593,127,127,127,112,28,28,28,28,28,28,28,15,112,81,46;1862,290,290,57,113,57,0,6,4,31,10,6,31,28,4,0,0,0,0,1282,689,593,127,127,127,112,28,28,28,28,28,28,28,15,112,81,46	NA	NA	NA	NA	1.618368000	9.249071647	0	completed_exit_0	cleared
V10CAL2	17	5	38	4	A	none	22	2507169,624,140,210,233,4,322,5446	1862,290,290,57,113,57,0,6,4,31,10,6,31,28,4,0,0,0,0,1282,689,593,127,127,127,112,28,28,28,28,28,28,28,15,112,81,46;1862,290,290,57,113,57,0,6,4,31,10,6,31,28,4,0,0,0,0,1282,689,593,127,127,127,112,28,28,28,28,28,28,28,15,112,81,46;1862,290,290,57,113,57,0,6,4,31,10,6,31,28,4,0,0,0,0,1282,689,593,127,127,127,112,28,28,28,28,28,28,28,15,112,81,46;1862,290,290,57,113,57,0,6,4,31,10,6,31,28,4,0,0,0,0,1282,689,593,127,127,127,112,28,28,28,28,28,28,28,15,112,81,46;1862,290,290,57,113,57,0,6,4,31,10,6,31,28,4,0,0,0,0,1282,689,593,127,127,127,112,28,28,28,28,28,28,28,15,112,81,46;1862,290,290,57,113,57,0,6,4,31,10,6,31,28,4,0,0,0,0,1282,689,593,127,127,127,112,28,28,28,28,28,28,28,15,112,81,46;1862,290,290,57,113,57,0,6,4,31,10,6,31,28,4,0,0,0,0,1282,689,593,127,127,127,112,28,28,28,28,28,28,28,15,112,81,46;1862,290,290,57,113,57,0,6,4,31,10,6,31,28,4,0,0,0,0,1282,689,593,127,127,127,112,28,28,28,28,28,28,28,15,112,81,46;1862,290,290,57,113,57,0,6,4,31,10,6,31,28,4,0,0,0,0,1282,689,593,127,127,127,112,28,28,28,28,28,28,28,15,112,81,46;1862,290,290,57,113,57,0,6,4,31,10,6,31,28,4,0,0,0,0,1282,689,593,127,127,127,112,28,28,28,28,28,28,28,15,112,81,46;1862,290,290,57,113,57,0,6,4,31,10,6,31,28,4,0,0,0,0,1282,689,593,127,127,127,112,28,28,28,28,28,28,28,15,112,81,46;1862,290,290,57,113,57,0,6,4,31,10,6,31,28,4,0,0,0,0,1282,689,593,127,127,127,112,28,28,28,28,28,28,28,15,112,81,46;1862,290,290,57,113,57,0,6,4,31,10,6,31,28,4,0,0,0,0,1282,689,593,127,127,127,112,28,28,28,28,28,28,28,15,112,81,46;1862,290,290,57,113,57,0,6,4,31,10,6,31,28,4,0,0,0,0,1282,689,593,127,127,127,112,28,28,28,28,28,28,28,15,112,81,46;1862,290,290,57,113,57,0,6,4,31,10,6,31,28,4,0,0,0,0,1282,689,593,127,127,127,112,28,28,28,28,28,28,28,15,112,81,46;1862,290,290,57,113,57,0,6,4,31,10,6,31,28,4,0,0,0,0,1282,689,593,127,127,127,112,28,28,28,28,28,28,28,15,112,81,46;1862,290,290,57,113,57,0,6,4,31,10,6,31,28,4,0,0,0,0,1282,689,593,127,127,127,112,28,28,28,28,28,28,28,15,112,81,46;1862,290,290,57,113,57,0,6,4,31,10,6,31,28,4,0,0,0,0,1282,689,593,127,127,127,112,28,28,28,28,28,28,28,15,112,81,46;1862,290,290,57,113,57,0,6,4,31,10,6,31,28,4,0,0,0,0,1282,689,593,127,127,127,112,28,28,28,28,28,28,28,15,112,81,46;1862,290,290,57,113,57,0,6,4,31,10,6,31,28,4,0,0,0,0,1282,689,593,127,127,127,112,28,28,28,28,28,28,28,15,112,81,46;1862,290,290,57,113,57,0,6,4,31,10,6,31,28,4,0,0,0,0,1282,689,593,127,127,127,112,28,28,28,28,28,28,28,15,112,81,46;1862,290,290,57,113,57,0,6,4,31,10,6,31,28,4,0,0,0,0,1282,689,593,127,127,127,112,28,28,28,28,28,28,28,15,112,81,46	NA	NA	NA	NA	NA	9.172840055	0	completed_exit_0	cleared
V10CAL2	18	5	38	4	C	none	22	2507169,624,140,210,233,4,322,5446	1862,290,290,57,113,57,0,6,4,31,10,6,31,28,4,0,0,0,0,1282,689,593,127,127,127,112,28,28,28,28,28,28,28,15,112,81,46;1862,290,290,57,113,57,0,6,4,31,10,6,31,28,4,0,0,0,0,1282,689,593,127,127,127,112,28,28,28,28,28,28,28,15,112,81,46;1862,290,290,57,113,57,0,6,4,31,10,6,31,28,4,0,0,0,0,1282,689,593,127,127,127,112,28,28,28,28,28,28,28,15,112,81,46;1862,290,290,57,113,57,0,6,4,31,10,6,31,28,4,0,0,0,0,1282,689,593,127,127,127,112,28,28,28,28,28,28,28,15,112,81,46;1862,290,290,57,113,57,0,6,4,31,10,6,31,28,4,0,0,0,0,1282,689,593,127,127,127,112,28,28,28,28,28,28,28,15,112,81,46;1862,290,290,57,113,57,0,6,4,31,10,6,31,28,4,0,0,0,0,1282,689,593,127,127,127,112,28,28,28,28,28,28,28,15,112,81,46;1862,290,290,57,113,57,0,6,4,31,10,6,31,28,4,0,0,0,0,1282,689,593,127,127,127,112,28,28,28,28,28,28,28,15,112,81,46;1862,290,290,57,113,57,0,6,4,31,10,6,31,28,4,0,0,0,0,1282,689,593,127,127,127,112,28,28,28,28,28,28,28,15,112,81,46;1862,290,290,57,113,57,0,6,4,31,10,6,31,28,4,0,0,0,0,1282,689,593,127,127,127,112,28,28,28,28,28,28,28,15,112,81,46;1862,290,290,57,113,57,0,6,4,31,10,6,31,28,4,0,0,0,0,1282,689,593,127,127,127,112,28,28,28,28,28,28,28,15,112,81,46;1862,290,290,57,113,57,0,6,4,31,10,6,31,28,4,0,0,0,0,1282,689,593,127,127,127,112,28,28,28,28,28,28,28,15,112,81,46;1862,290,290,57,113,57,0,6,4,31,10,6,31,28,4,0,0,0,0,1282,689,593,127,127,127,112,28,28,28,28,28,28,28,15,112,81,46;1862,290,290,57,113,57,0,6,4,31,10,6,31,28,4,0,0,0,0,1282,689,593,127,127,127,112,28,28,28,28,28,28,28,15,112,81,46;1862,290,290,57,113,57,0,6,4,31,10,6,31,28,4,0,0,0,0,1282,689,593,127,127,127,112,28,28,28,28,28,28,28,15,112,81,46;1862,290,290,57,113,57,0,6,4,31,10,6,31,28,4,0,0,0,0,1282,689,593,127,127,127,112,28,28,28,28,28,28,28,15,112,81,46;1862,290,290,57,113,57,0,6,4,31,10,6,31,28,4,0,0,0,0,1282,689,593,127,127,127,112,28,28,28,28,28,28,28,15,112,81,46;1862,290,290,57,113,57,0,6,4,31,10,6,31,28,4,0,0,0,0,1282,689,593,127,127,127,112,28,28,28,28,28,28,28,15,112,81,46;1862,290,290,57,113,57,0,6,4,31,10,6,31,28,4,0,0,0,0,1282,689,593,127,127,127,112,28,28,28,28,28,28,28,15,112,81,46;1862,290,290,57,113,57,0,6,4,31,10,6,31,28,4,0,0,0,0,1282,689,593,127,127,127,112,28,28,28,28,28,28,28,15,112,81,46;1862,290,290,57,113,57,0,6,4,31,10,6,31,28,4,0,0,0,0,1282,689,593,127,127,127,112,28,28,28,28,28,28,28,15,112,81,46;1862,290,290,57,113,57,0,6,4,31,10,6,31,28,4,0,0,0,0,1282,689,593,127,127,127,112,28,28,28,28,28,28,28,15,112,81,46;1862,290,290,57,113,57,0,6,4,31,10,6,31,28,4,0,0,0,0,1282,689,593,127,127,127,112,28,28,28,28,28,28,28,15,112,81,46	61486260	22	0	0	NA	10.933404789	0	completed_exit_0	cleared
V10CAL2	19	5	38	4	B	none	22	2507169,624,140,210,233,4,322,5446	1862,290,290,57,113,57,0,6,4,31,10,6,31,28,4,0,0,0,0,1282,689,593,127,127,127,112,28,28,28,28,28,28,28,15,112,81,46;1862,290,290,57,113,57,0,6,4,31,10,6,31,28,4,0,0,0,0,1282,689,593,127,127,127,112,28,28,28,28,28,28,28,15,112,81,46;1862,290,290,57,113,57,0,6,4,31,10,6,31,28,4,0,0,0,0,1282,689,593,127,127,127,112,28,28,28,28,28,28,28,15,112,81,46;1862,290,290,57,113,57,0,6,4,31,10,6,31,28,4,0,0,0,0,1282,689,593,127,127,127,112,28,28,28,28,28,28,28,15,112,81,46;1862,290,290,57,113,57,0,6,4,31,10,6,31,28,4,0,0,0,0,1282,689,593,127,127,127,112,28,28,28,28,28,28,28,15,112,81,46;1862,290,290,57,113,57,0,6,4,31,10,6,31,28,4,0,0,0,0,1282,689,593,127,127,127,112,28,28,28,28,28,28,28,15,112,81,46;1862,290,290,57,113,57,0,6,4,31,10,6,31,28,4,0,0,0,0,1282,689,593,127,127,127,112,28,28,28,28,28,28,28,15,112,81,46;1862,290,290,57,113,57,0,6,4,31,10,6,31,28,4,0,0,0,0,1282,689,593,127,127,127,112,28,28,28,28,28,28,28,15,112,81,46;1862,290,290,57,113,57,0,6,4,31,10,6,31,28,4,0,0,0,0,1282,689,593,127,127,127,112,28,28,28,28,28,28,28,15,112,81,46;1862,290,290,57,113,57,0,6,4,31,10,6,31,28,4,0,0,0,0,1282,689,593,127,127,127,112,28,28,28,28,28,28,28,15,112,81,46;1862,290,290,57,113,57,0,6,4,31,10,6,31,28,4,0,0,0,0,1282,689,593,127,127,127,112,28,28,28,28,28,28,28,15,112,81,46;1862,290,290,57,113,57,0,6,4,31,10,6,31,28,4,0,0,0,0,1282,689,593,127,127,127,112,28,28,28,28,28,28,28,15,112,81,46;1862,290,290,57,113,57,0,6,4,31,10,6,31,28,4,0,0,0,0,1282,689,593,127,127,127,112,28,28,28,28,28,28,28,15,112,81,46;1862,290,290,57,113,57,0,6,4,31,10,6,31,28,4,0,0,0,0,1282,689,593,127,127,127,112,28,28,28,28,28,28,28,15,112,81,46;1862,290,290,57,113,57,0,6,4,31,10,6,31,28,4,0,0,0,0,1282,689,593,127,127,127,112,28,28,28,28,28,28,28,15,112,81,46;1862,290,290,57,113,57,0,6,4,31,10,6,31,28,4,0,0,0,0,1282,689,593,127,127,127,112,28,28,28,28,28,28,28,15,112,81,46;1862,290,290,57,113,57,0,6,4,31,10,6,31,28,4,0,0,0,0,1282,689,593,127,127,127,112,28,28,28,28,28,28,28,15,112,81,46;1862,290,290,57,113,57,0,6,4,31,10,6,31,28,4,0,0,0,0,1282,689,593,127,127,127,112,28,28,28,28,28,28,28,15,112,81,46;1862,290,290,57,113,57,0,6,4,31,10,6,31,28,4,0,0,0,0,1282,689,593,127,127,127,112,28,28,28,28,28,28,28,15,112,81,46;1862,290,290,57,113,57,0,6,4,31,10,6,31,28,4,0,0,0,0,1282,689,593,127,127,127,112,28,28,28,28,28,28,28,15,112,81,46;1862,290,290,57,113,57,0,6,4,31,10,6,31,28,4,0,0,0,0,1282,689,593,127,127,127,112,28,28,28,28,28,28,28,15,112,81,46;1862,290,290,57,113,57,0,6,4,31,10,6,31,28,4,0,0,0,0,1282,689,593,127,127,127,112,28,28,28,28,28,28,28,15,112,81,46	NA	NA	NA	NA	1.613600000	9.221508007	0	completed_exit_0	cleared
V10CAL2	20	5	38	4	D	none	22	2507169,624,140,210,233,4,322,5446	1862,290,290,57,113,57,0,6,4,31,10,6,31,28,4,0,0,0,0,1282,689,593,127,127,127,112,28,28,28,28,28,28,28,15,112,81,46;1862,290,290,57,113,57,0,6,4,31,10,6,31,28,4,0,0,0,0,1282,689,593,127,127,127,112,28,28,28,28,28,28,28,15,112,81,46;1862,290,290,57,113,57,0,6,4,31,10,6,31,28,4,0,0,0,0,1282,689,593,127,127,127,112,28,28,28,28,28,28,28,15,112,81,46;1862,290,290,57,113,57,0,6,4,31,10,6,31,28,4,0,0,0,0,1282,689,593,127,127,127,112,28,28,28,28,28,28,28,15,112,81,46;1862,290,290,57,113,57,0,6,4,31,10,6,31,28,4,0,0,0,0,1282,689,593,127,127,127,112,28,28,28,28,28,28,28,15,112,81,46;1862,290,290,57,113,57,0,6,4,31,10,6,31,28,4,0,0,0,0,1282,689,593,127,127,127,112,28,28,28,28,28,28,28,15,112,81,46;1862,290,290,57,113,57,0,6,4,31,10,6,31,28,4,0,0,0,0,1282,689,593,127,127,127,112,28,28,28,28,28,28,28,15,112,81,46;1862,290,290,57,113,57,0,6,4,31,10,6,31,28,4,0,0,0,0,1282,689,593,127,127,127,112,28,28,28,28,28,28,28,15,112,81,46;1862,290,290,57,113,57,0,6,4,31,10,6,31,28,4,0,0,0,0,1282,689,593,127,127,127,112,28,28,28,28,28,28,28,15,112,81,46;1862,290,290,57,113,57,0,6,4,31,10,6,31,28,4,0,0,0,0,1282,689,593,127,127,127,112,28,28,28,28,28,28,28,15,112,81,46;1862,290,290,57,113,57,0,6,4,31,10,6,31,28,4,0,0,0,0,1282,689,593,127,127,127,112,28,28,28,28,28,28,28,15,112,81,46;1862,290,290,57,113,57,0,6,4,31,10,6,31,28,4,0,0,0,0,1282,689,593,127,127,127,112,28,28,28,28,28,28,28,15,112,81,46;1862,290,290,57,113,57,0,6,4,31,10,6,31,28,4,0,0,0,0,1282,689,593,127,127,127,112,28,28,28,28,28,28,28,15,112,81,46;1862,290,290,57,113,57,0,6,4,31,10,6,31,28,4,0,0,0,0,1282,689,593,127,127,127,112,28,28,28,28,28,28,28,15,112,81,46;1862,290,290,57,113,57,0,6,4,31,10,6,31,28,4,0,0,0,0,1282,689,593,127,127,127,112,28,28,28,28,28,28,28,15,112,81,46;1862,290,290,57,113,57,0,6,4,31,10,6,31,28,4,0,0,0,0,1282,689,593,127,127,127,112,28,28,28,28,28,28,28,15,112,81,46;1862,290,290,57,113,57,0,6,4,31,10,6,31,28,4,0,0,0,0,1282,689,593,127,127,127,112,28,28,28,28,28,28,28,15,112,81,46;1862,290,290,57,113,57,0,6,4,31,10,6,31,28,4,0,0,0,0,1282,689,593,127,127,127,112,28,28,28,28,28,28,28,15,112,81,46;1862,290,290,57,113,57,0,6,4,31,10,6,31,28,4,0,0,0,0,1282,689,593,127,127,127,112,28,28,28,28,28,28,28,15,112,81,46;1862,290,290,57,113,57,0,6,4,31,10,6,31,28,4,0,0,0,0,1282,689,593,127,127,127,112,28,28,28,28,28,28,28,15,112,81,46;1862,290,290,57,113,57,0,6,4,31,10,6,31,28,4,0,0,0,0,1282,689,593,127,127,127,112,28,28,28,28,28,28,28,15,112,81,46;1862,290,290,57,113,57,0,6,4,31,10,6,31,28,4,0,0,0,0,1282,689,593,127,127,127,112,28,28,28,28,28,28,28,15,112,81,46	61486260	22	0	0	8.657335000	16.332424610	0	completed_exit_0	cleared
EOF	V10CAL2
